Progress,CreationClass,Batch,Id,DisplayName,Type,Rarity,Cost,Tags,SharedPool,SharedPoolStock,Faces,Hooks,EffectType,Conditions,TargetRule,Parameters,Duration,ValidationNotes,TechnicalRisk,DesignNotes
validated,ReadyNow,B1,dice.standard,Dé Standard,Die,Common,n/a,die.basic;die.standard,No,0,1/2/3/4/5/6,n/a,DefinitionOnly,None,None,DiceType=D6,Permanent,Faces explicites; fallback off.,None,Dé de départ; garder gratuit et lisible.
validated,ReadyNow,B1,dice.heavy,Dé Lourd,Die,Common,n/a,die.basic;die.stable,No,0,2/3/3/4/4/5,n/a,DefinitionOnly,None,None,DiceType=D6,Permanent,Tester distribution sans 6.,None,Bon contrôle de variance.
validated,ReadyNow,B1,dice.risky,Dé Risqué,Die,Common,n/a,die.basic;die.risky;value.zero;value.high,No,0,0/0/3/6/6/9,n/a,DefinitionOnly,None,None,DiceType=D6,Permanent,Verifier score avec valeurs 0 et >6.,Scoring doit accepter 0 et 9.,Bon pivot pour builds risque.
validated,ReadyNow,B1,dice.even,Dé Pair,Die,Common,n/a,die.basic;build.even,No,0,2/2/4/4/6/6,PostScoreCalculation,AddScoreFlat,Always; all faces are even,SourceDie,Amount=2,Round,Valider que l'effet ne s'applique qu'une fois par dé pair.,Needs dice effect execution per source die.,Simple et bon pour onboarding build pair.
validated,ReadyNow,B1,dice.odd,Dé Impair,Die,Common,n/a,die.basic;build.odd;economy,No,0,1/1/3/3/5/5,Reward,AddGold,Always; all faces are odd,Source,Amount=1,Round,Verifier que le gold est cappe par l'economie.,Needs dice effect execution per source die.,"Economie douce, attention au snowball."
validated,ReadyNow,B1,dice.small,Dé Petit,Die,Common,n/a,die.basic;build.low,No,0,1/1/1/2/2/3,PostScoreCalculation,AddScoreFlat,DieValueEquals 1,SourceDie,Amount=5,Round,Tester plusieurs 1 dans le meme lancer.,None,Tres lisible.
validated,ReadyNow,B1,dice.big,Dé Gros,Die,Common,n/a,die.basic;build.high,No,0,4/4/5/5/6/6,n/a,DefinitionOnly,None,None,DiceType=D6,Permanent,Cout gere par DiceItem.,None,Late game fiable; pas besoin d'effet.
validated,ReadyNow,B3,dice.golden,Dé Doré,Die,Uncommon,n/a,die.economy;gold;kept,No,0,1/2/3/4/5/6,Reward,AddGold,SourceDieLocked,SourceDie,Amount=RolledValue,Round,Created in B3; kept is implemented as locked runtime die state.,None,"Tres bon, mais doit etre lisible pour eviter confusion."
validated,ReadyNow,B3,dice.silver,Dé Argenté,Die,Uncommon,n/a,die.economy;gold_scaling;score.flat,No,0,1/2/3/4/5/6,ScoreModifier,AddScoreFlat,GoldThreshold >= 1,Source,Amount=CurrentGold*10; Cap=100,Round,Created in B3; dynamic gold scalar and cap supported.,None,Fort si economie; surveiller early snowball.
validated,ReadyNow,B3,dice.red,Dé Rouge,Die,Uncommon,n/a,die.score;value.high,No,0,1/2/3/4/5/6,ScoreModifier,AddScoreFlat,SourceDieValue >= 5,SourceDie,Amount=20,Round,Created in B3; targeted test covers value >=5.,None,"Simple, bon objet de premier lot."
validated,ReadyNow,B3,dice.blue,Dé Bleu,Die,Uncommon,n/a,die.score;set.blue,No,0,1/2/3/4/5/6,ScoreModifier,AddScoreFlat,Source has tag die.blue,SourceDie,Amount=10*OtherBlueDice,Round,Created in B3; count excludes source die.,None,Encourage collection mais peut snowball.
validated,ReadyNow,B3,dice.green,Dé Vert,Die,Uncommon,n/a,die.reroll;value.low,No,0,1/2/3/4/5/6,PostRoll,AddReroll,SourceDieValue <= 3,SourceDie,Amount=1,Round,Created in B3; reroll delta covered by targeted test.,None,Tres utile pour builds low.
validated,ReadyNow,B3,dice.purple,Dé Violet,Die,Uncommon,n/a,die.score;matching,No,0,1/2/3/4/5/6,ScoreModifier,MultiplyScore,SourceDieHasMatchingValue,SourceDie,Multiplier=1.5,Round,Created in B3; dynamic source-value matching supported.,None,Fort avec paires; bon pont vers combos.
todo,NeedsMechanicUIFlow,B5,dice.explosive,Dé Explosif,Die,Uncommon,n/a,die.score;chance.explosion;reroll,Yes,2,1/2/3/4/5/6,PostRoll,CustomExplodeDie,DieValueEquals 6,SourceDie,Reroll source die; add new value; recursive with cap,Round,Ajouter cap ou limite anti-boucle avant creation.,Recursive dice-specific reroll effect missing.,"Bonne sensation, mais doit etre cappe et anime."
validated,ReadyNow,B5,dice.cracked,Dé Fissuré,Die,Uncommon,n/a,die.score;risk;destroyable,Yes,2,1/2/3/4/5/6,ScoreModifier;RoundEnd,MultiplyScore;DestroyOrRemoveDiceChance,DieValueEquals 6;ChancePercentage 10,SourceDie,Multiplier=2; Chance=10,Round,Created in B5: x2 on 6 plus deterministic 10% destroy/remove after RoundEnd; permanent inventory removal covered by automation.,None after B5 permanent removal audit.,Risk payoff kept rare and visible.
todo,NeedsMechanicUIFlow,B5,dice.mirror,Dé Miroir,Die,Uncommon,n/a,die.position;copy;adjacent,No,0,1/2/3/4/5/6,PostRoll,CustomCopyAdjacentDieValue,Has left neighbor,SourceDie,Adjacent=Left,Round,Tester ordre de resolution avec plusieurs miroirs.,Adjacent die targeting missing.,Tres bon pour placement lineaire.
todo,NeedsMechanicUIFlow,B5,dice.magnet,Dé Aimant,Die,Uncommon,n/a,die.position;adjacent;buff,No,0,1/2/3/4/5/6,PostRoll,ModifyDieValue,Adjacent dice exist,AdjacentDice,Amount=1; Max=6,Round,Verifier cap max 6 et interactions avec valeurs >6.,Adjacent target rule and max clamp missing.,Interessant si UI montre les voisins.
todo,NeedsMechanicUIFlow,B6,dice.vampire,Dé Vampire,Die,Uncommon,n/a,die.competitive;steal_score,Yes,2,1/2/3/4/5/6,PostScoreCalculation,StealScore,DieValueEquals 6,AllOpponents,Amount=5,Round,Tester multi-target local multiplayer et prevention negative.,All opponents target loop missing.,Interaction faible mais lisible.
validated,ReadyNow,B4,dice.bank,Dé Banque,Die,Uncommon,n/a,die.economy;average,No,0,1/2/3/4/5/6,Reward,AddGold,Die value lower than roll average,Source,Amount=2,Round,Created in B4 completion; source-die below-average condition is implemented and covered by targeted average test.,None,Bon soutien economie avec decisions.
validated,ReadyNow,B5,dice.royal,Dé Royal,Die,Rare,n/a,die.rare;build.high;value.over_six,Yes,2,3/4/5/6/7/8,n/a,DefinitionOnly,None,None,DiceType=D8,Permanent,Created in B5: D8 faces 3/4/5/6/7/8; >6 values accepted by evaluator automation.,None after B5 value-range test.,Rare high-face die.
validated,ReadyNow,B5,dice.cursed,Dé Maudit,Die,Rare,n/a,die.rare;risk;value.negative,Yes,2,-3/-2/0/6/9/12,n/a,DefinitionOnly,None,None,DiceType=D6,Permanent,Created in B5: negative/zero faces accepted; final score clamps cleanly through score calculator.,None after B5 clamp test.,Risk die for controlled negative rolls.
blocked,NeedsMechanicUIFlow,B5,dice.lucky,Dé Chanceux,Die,Rare,n/a,die.rare;chance;consumable,Yes,2,1/2/3/4/5/6,Reward,GrantConsumable,DieValueEquals 6,Source,GrantedConsumable=random pool,Round,Not created in B5: GrantConsumable random pool is not robust/data-driven yet.,Random consumable pool missing from effect definition.,Reclassed until controlled consumable pool support exists.
blocked,NeedsMechanicUIFlow,B5,dice.critical,Dé Critique,Die,Rare,n/a,die.rare;critical;value.six,Yes,2,1/2/3/4/5/6,ScoreModifier,MultiplyScore,DieValueEquals 6,SourceDie,Multiplier=5 on own die contribution,Round,Not created in B5: own-die score contribution multiplier is not distinct from final score multiplier.,Per-die score multiplier pipeline missing.,Reclassed to avoid unclear score truth.
todo,NeedsMechanicUIFlow,B9,dice.berserk,Dé Berserk,Die,Rare,n/a,die.rare;scaling;persistent,Yes,2,1/2/3/4/5/6,RoundEnd,CustomPersistentFaceGrowth,Die was kept,SourceDie,MaxFace += 1 permanently while kept,Permanent,Besoin d'etat runtime persistant par instance.,Per-die permanent mutation missing.,Bonne idee late scaling mais lourd techniquement.
todo,TestCarefully,B5,dice.frozen,Dé Gelé,Die,Rare,n/a,die.rare;lock;reroll,Yes,2,1/2/3/4/5/6,PreReroll,SetDieCanBeLocked,Always,SourceDie,bCanBeLocked=true; FreeLock=true,Round,Clarifier cout de verrouillage si systeme en a un.,Free lock cost not modeled if locking is already free.,Peut etre redundant si verrouiller est gratuit par defaut.
validated,ReadyNow,B5,dice.ghost,Dé Fantôme,Die,Rare,n/a,die.rare;ghost;combo.trigger;no_sum,Yes,2,0/0/0/6/6/6,n/a,DefinitionOnly,None,None,bCountsForScoreSum=false; bCountsForCombinations=true,Permanent,Created in B5: value conditions still trigger while bCountsForScoreSum=false removes it from raw sum.,None after B5 ghost flag test.,Combo trigger without raw score contribution.
validated,ReadyNow,B5,dice.double,Dé Double,Die,Rare,n/a,die.rare;combo.count,Yes,2,1/2/3/4/5/6,n/a,DefinitionOnly,None,None,DefaultComboContributionCount=2,Permanent,Created in B5: ComboContributionCount=2 validated for Pair/Brelan contribution.,None after B5 combo contribution test.,Rare combo builder.
validated,ReadyNow,B5,dice.triple,Dé Triple,Die,Rare,n/a,die.rare;combo.count;no_score,Yes,2,1/2/3/4/5/6,n/a,DefinitionOnly,None,None,DefaultComboContributionCount=3; ScoreContributionValueOverride=0,Permanent,Created in B5: ComboContributionCount=3 and ScoreContributionValueOverride=0 both validated.,None after B5 override test.,Strong combo die with no raw sum.
todo,NeedsMechanicUIFlow,B8,dice.chrono,Dé Chrono,Die,Rare,n/a,die.rare;time,Yes,2,1/2/3/4/5/6,PostScoreCalculation,AddScoreFlat,SecondsRemaining available,Source,Amount=10*SecondsRemaining,Round,Valider timer par joueur et pause locale.,Per-player turn timer missing.,A garder tard pour eviter pression UI prematuree.
todo,NeedsMechanicUIFlow,B9,dice.echo,Dé Écho,Die,Rare,n/a,die.rare;copy_effect,Yes,2,1/2/3/4/5/6,PostRoll,CopyLastTriggeredEffect,A previous other dice effect triggered,Source,Exclude self; copy last dice effect,Round,Tester ordre et boucles avec Echo/Explosif.,LastTriggeredEffect exists but filtering previous other die missing.,"Puissant, a capper."
todo,NeedsMechanicUIFlow,B9,dice.cosmic,Dé Cosmique,Die,Epic,n/a,die.epic;persistent;face_scaling,Yes,1,1/2/3/4/5/6,RoundEnd,CustomPersistentFaceMultiplier,Random face each round,SourceDie,One face gains x2 score permanently,Permanent,"Besoin mutation de face par definition runtime, pas asset statique.",Per-instance face modifier missing.,Cool mais a reporter.
todo,NeedsMechanicUIFlow,B9,dice.infinite,Dé Infini,Die,Legendary,n/a,die.legendary;persistent;repeat_value,Yes,1,1/2/3/4/5/6,PostScoreCalculation,MultiplyScore,Current value equals previous round value,SourceDie,Multiplier doubles cumulatively,Permanent,Stocker previous/cumulative per die instance.,Partial PreviousRoundValue exists; cumulative multiplier missing.,Tres fort; impose cap/breakdown clair.
validated,ReadyNow,B5,dice.god,Dé Dieu,Die,Legendary,n/a,die.legendary;fixed;six,Yes,1,6/6/6/6/6/6,n/a,DefinitionOnly,None,None,bCanBeRerolled=false,Permanent,Created in B5: fixed 6 faces and bCanBeRerolled=false validated.,None after B5 reroll test.,Legendary predictable six source.
todo,NeedsMechanicUIFlow,B9,dice.chaos,Dé Chaos,Die,Epic,n/a,die.epic;random_faces;chaos,Yes,1,random each round -10..20,RoundStart,CustomRandomizeFacesForRound,None,SourceDie,Min=-10; Max=20; FaceCount=6,Round,Ne pas muter le DataAsset source.,Runtime random face generation missing.,"Fun, mais peut nuire a la lisibilite."
blocked,NeedsMechanicUIFlow,B5,dice.black_market,Dé Marché Noir,Die,Epic,n/a,die.epic;risk;economy;multiplier,Yes,1,1/2/3/4/5/6,ScoreModifier;RoundEnd,MultiplyScore;SpendGold,None,Source,Multiplier=3; SpendGold=25% current gold,Round,Not created in B5: SpendGold as percent of current gold is not supported.,Percent-current-gold scalar missing.,Reclassed until economy effect can express percent spend.
todo,NeedsMechanicUIFlow,B9,dice.copycat,Dé Copieur,Die,Epic,n/a,die.epic;copy;opponent,Yes,1,1/2/3/4/5/6,RoundStart,CustomCopyOpponentBestDie,Opponent has best die,TargetOpponent,Duration=1 round,Round,Definir meilleur de adverse et selection cible.,Opponent inventory copy flow missing.,Risque de complexite UI.
blocked,NeedsMechanicUIFlow,B5,dice.lord,Dé Seigneur,Die,Legendary,n/a,die.legendary;matching;multiplier,Yes,1,1/2/3/4/5/6,ScoreModifier,MultiplyScore,Other own dice with same result,MatchingOwnDice,Multiplier=2 for matching dice,Round,Not created in B5: matching-own-dice per-die multiplier is not clear enough in the current pipeline.,Matching-own-dice per-die multiplier missing.,Reclassed until die-local multiplier semantics are explicit.
validated,ReadyNow,B5,dice.jackpot,Dé Jackpot,Die,Legendary,n/a,die.legendary;jackpot;one_or_six,Yes,1,1/1/1/6/6/6,ScoreModifier,MultiplyScore,All dice values are 1 or 6,Source,Multiplier=10,Round,Created in B5: x10 only when all dice are 1 or 6; paired with score cap guard.,None after B5 all-dice-set and cap tests.,Mythic payoff with controlled ceiling.
validated,ReadyNow,B1,item.dice.standard,Achat Dé Standard,DiceItem,Common,0,item.dice;die.standard,No,0,,PostPurchase,GrantedDiceDefinition,Purchase succeeds,Source,GrantedDiceDefinition=dice.standard,Permanent,Wrapper boutique; pas d'EffectDefinition requis.,None,Utile pour debug/loadout.
validated,ReadyNow,B1,item.dice.heavy,Achat Dé Lourd,DiceItem,Common,3,item.dice;die.stable,No,0,,PostPurchase,GrantedDiceDefinition,Purchase succeeds,Source,GrantedDiceDefinition=dice.heavy,Permanent,Verifier GrantedDiceDefinition assigne.,None,
validated,ReadyNow,B1,item.dice.risky,Achat Dé Risqué,DiceItem,Common,4,item.dice;die.risky,No,0,,PostPurchase,GrantedDiceDefinition,Purchase succeeds,Source,GrantedDiceDefinition=dice.risky,Permanent,Verifier GrantedDiceDefinition assigne.,None,
validated,ReadyNow,B1,item.dice.even,Achat Dé Pair,DiceItem,Common,5,item.dice;build.even,No,0,,PostPurchase,GrantedDiceDefinition,Purchase succeeds,Source,GrantedDiceDefinition=dice.even,Permanent,Verifier GrantedDiceDefinition assigne.,None,
validated,ReadyNow,B1,item.dice.odd,Achat Dé Impair,DiceItem,Common,5,item.dice;build.odd;economy,No,0,,PostPurchase,GrantedDiceDefinition,Purchase succeeds,Source,GrantedDiceDefinition=dice.odd,Permanent,Verifier GrantedDiceDefinition assigne.,None,
validated,ReadyNow,B1,item.dice.small,Achat Dé Petit,DiceItem,Common,4,item.dice;build.low,No,0,,PostPurchase,GrantedDiceDefinition,Purchase succeeds,Source,GrantedDiceDefinition=dice.small,Permanent,Verifier GrantedDiceDefinition assigne.,None,
validated,ReadyNow,B1,item.dice.big,Achat Dé Gros,DiceItem,Common,6,item.dice;build.high,No,0,,PostPurchase,GrantedDiceDefinition,Purchase succeeds,Source,GrantedDiceDefinition=dice.big,Permanent,Verifier GrantedDiceDefinition assigne.,None,
validated,ReadyNow,B3,item.dice.golden,Achat Dé Doré,DiceItem,Uncommon,7,item.dice;economy,No,0,,PostPurchase,GrantedDiceDefinition,Purchase succeeds,Source,GrantedDiceDefinition=dice.golden,Permanent,Created in B3; wrapper grants dice.golden.,None,
validated,ReadyNow,B3,item.dice.silver,Achat Dé Argenté,DiceItem,Uncommon,8,item.dice;gold_scaling,No,0,,PostPurchase,GrantedDiceDefinition,Purchase succeeds,Source,GrantedDiceDefinition=dice.silver,Permanent,Created in B3; wrapper grants dice.silver.,None,
validated,ReadyNow,B3,item.dice.red,Achat Dé Rouge,DiceItem,Uncommon,6,item.dice;score,No,0,,PostPurchase,GrantedDiceDefinition,Purchase succeeds,Source,GrantedDiceDefinition=dice.red,Permanent,Created in B3; wrapper grants dice.red.,None,
validated,ReadyNow,B3,item.dice.blue,Achat Dé Bleu,DiceItem,Uncommon,7,item.dice;set.blue,No,0,,PostPurchase,GrantedDiceDefinition,Purchase succeeds,Source,GrantedDiceDefinition=dice.blue,Permanent,Created in B3; wrapper grants dice.blue.,None,
validated,ReadyNow,B3,item.dice.green,Achat Dé Vert,DiceItem,Uncommon,7,item.dice;reroll,No,0,,PostPurchase,GrantedDiceDefinition,Purchase succeeds,Source,GrantedDiceDefinition=dice.green,Permanent,Created in B3; wrapper grants dice.green.,None,
validated,ReadyNow,B3,item.dice.purple,Achat Dé Violet,DiceItem,Uncommon,8,item.dice;matching,No,0,,PostPurchase,GrantedDiceDefinition,Purchase succeeds,Source,GrantedDiceDefinition=dice.purple,Permanent,Created in B3; wrapper grants dice.purple.,None,
todo,ReadyNow,B5,item.dice.explosive,Achat Dé Explosif,DiceItem,Uncommon,9,item.dice;explosive,Yes,2,,PostPurchase,GrantedDiceDefinition,Purchase succeeds,Source,GrantedDiceDefinition=dice.explosive,Permanent,SharedPoolMaxStock=2 si active.,None,Limiter stock pour satisfaction/rarete.
validated,ReadyNow,B5,item.dice.cracked,Achat Dé Fissuré,DiceItem,Uncommon,8,item.dice;risk;destroyable,Yes,2,,PostPurchase,GrantedDiceDefinition,Purchase succeeds,Source,GrantedDiceDefinition=dice.cracked,Permanent,Created in B5: grants dice.cracked and is tracked in rare/shared shop stock.,None after B5 shared pool purchase smoke.,
todo,ReadyNow,B5,item.dice.mirror,Achat Dé Miroir,DiceItem,Uncommon,8,item.dice;position,No,0,,PostPurchase,GrantedDiceDefinition,Purchase succeeds,Source,GrantedDiceDefinition=dice.mirror,Permanent,Wrapper OK; effet attend placement.,None,
todo,ReadyNow,B5,item.dice.magnet,Achat Dé Aimant,DiceItem,Uncommon,8,item.dice;position,No,0,,PostPurchase,GrantedDiceDefinition,Purchase succeeds,Source,GrantedDiceDefinition=dice.magnet,Permanent,Wrapper OK; effet attend placement.,None,
todo,ReadyNow,B6,item.dice.vampire,Achat Dé Vampire,DiceItem,Uncommon,9,item.dice;competitive,Yes,2,,PostPurchase,GrantedDiceDefinition,Purchase succeeds,Source,GrantedDiceDefinition=dice.vampire,Permanent,SharedPoolMaxStock=2 si active.,None,
validated,ReadyNow,B4,item.dice.bank,Achat Dé Banque,DiceItem,Uncommon,7,item.dice;economy,No,0,,PostPurchase,GrantedDiceDefinition,Purchase succeeds,Source,GrantedDiceDefinition=dice.bank,Permanent,Created in B4 completion; wrapper grants dice.bank and is catalog/shop registered.,None,
validated,ReadyNow,B5,item.dice.royal,Achat Dé Royal,DiceItem,Rare,11,item.dice;rare;high,Yes,2,,PostPurchase,GrantedDiceDefinition,Purchase succeeds,Source,GrantedDiceDefinition=dice.royal,Permanent,Created in B5: grants dice.royal; SharedPoolMaxStock=2.,None after B5 shared pool purchase smoke.,
validated,ReadyNow,B5,item.dice.cursed,Achat Dé Maudit,DiceItem,Rare,10,item.dice;rare;risk,Yes,2,,PostPurchase,GrantedDiceDefinition,Purchase succeeds,Source,GrantedDiceDefinition=dice.cursed,Permanent,Created in B5: grants dice.cursed; SharedPoolMaxStock=2.,None after B5 shared pool purchase smoke.,
blocked,blocked,B5,item.dice.lucky,Achat Dé Chanceux,DiceItem,Rare,11,item.dice;rare;chance,Yes,2,,PostPurchase,GrantedDiceDefinition,Purchase succeeds,Source,GrantedDiceDefinition=dice.lucky,Permanent,Not created in B5 because dice.lucky is blocked.,Depends on blocked dice.lucky.,
blocked,blocked,B5,item.dice.critical,Achat Dé Critique,DiceItem,Rare,12,item.dice;rare;critical,Yes,2,,PostPurchase,GrantedDiceDefinition,Purchase succeeds,Source,GrantedDiceDefinition=dice.critical,Permanent,Not created in B5 because dice.critical is blocked.,Depends on blocked dice.critical.,
todo,ReadyNow,B9,item.dice.berserk,Achat Dé Berserk,DiceItem,Rare,12,item.dice;rare;scaling,Yes,2,,PostPurchase,GrantedDiceDefinition,Purchase succeeds,Source,GrantedDiceDefinition=dice.berserk,Permanent,SharedPoolMaxStock=2.,None,
todo,ReadyNow,B5,item.dice.frozen,Achat Dé Gelé,DiceItem,Rare,11,item.dice;rare;lock,Yes,2,,PostPurchase,GrantedDiceDefinition,Purchase succeeds,Source,GrantedDiceDefinition=dice.frozen,Permanent,SharedPoolMaxStock=2.,None,
validated,ReadyNow,B5,item.dice.ghost,Achat Dé Fantôme,DiceItem,Rare,10,item.dice;rare;ghost,Yes,2,,PostPurchase,GrantedDiceDefinition,Purchase succeeds,Source,GrantedDiceDefinition=dice.ghost,Permanent,Created in B5: grants dice.ghost; SharedPoolMaxStock=2.,None after B5 shared pool purchase smoke.,
validated,ReadyNow,B5,item.dice.double,Achat Dé Double,DiceItem,Rare,12,item.dice;rare;combo,Yes,2,,PostPurchase,GrantedDiceDefinition,Purchase succeeds,Source,GrantedDiceDefinition=dice.double,Permanent,Created in B5: grants dice.double; SharedPoolMaxStock=2.,None after B5 shared pool purchase smoke.,
validated,ReadyNow,B5,item.dice.triple,Achat Dé Triple,DiceItem,Rare,13,item.dice;rare;combo,Yes,2,,PostPurchase,GrantedDiceDefinition,Purchase succeeds,Source,GrantedDiceDefinition=dice.triple,Permanent,Created in B5: grants dice.triple; SharedPoolMaxStock=2.,None after B5 shared pool purchase smoke.,
todo,ReadyNow,B8,item.dice.chrono,Achat Dé Chrono,DiceItem,Rare,11,item.dice;rare;time,Yes,2,,PostPurchase,GrantedDiceDefinition,Purchase succeeds,Source,GrantedDiceDefinition=dice.chrono,Permanent,SharedPoolMaxStock=2.,None,
todo,ReadyNow,B9,item.dice.echo,Achat Dé Écho,DiceItem,Rare,13,item.dice;rare;copy_effect,Yes,2,,PostPurchase,GrantedDiceDefinition,Purchase succeeds,Source,GrantedDiceDefinition=dice.echo,Permanent,SharedPoolMaxStock=2.,None,
todo,ReadyNow,B9,item.dice.cosmic,Achat Dé Cosmique,DiceItem,Epic,16,item.dice;epic;persistent,Yes,1,,PostPurchase,GrantedDiceDefinition,Purchase succeeds,Source,GrantedDiceDefinition=dice.cosmic,Permanent,SharedPoolMaxStock=1.,None,
todo,ReadyNow,B9,item.dice.infinite,Achat Dé Infini,DiceItem,Legendary,20,item.dice;legendary;persistent,Yes,1,,PostPurchase,GrantedDiceDefinition,Purchase succeeds,Source,GrantedDiceDefinition=dice.infinite,Permanent,SharedPoolMaxStock=1.,None,
validated,ReadyNow,B5,item.dice.god,Achat Dé Dieu,DiceItem,Legendary,18,item.dice;legendary;six,Yes,1,,PostPurchase,GrantedDiceDefinition,Purchase succeeds,Source,GrantedDiceDefinition=dice.god,Permanent,Created in B5: grants dice.god; SharedPoolMaxStock=1.,None after B5 legendary shared stock test.,
todo,ReadyNow,B9,item.dice.chaos,Achat Dé Chaos,DiceItem,Epic,15,item.dice;epic;chaos,Yes,1,,PostPurchase,GrantedDiceDefinition,Purchase succeeds,Source,GrantedDiceDefinition=dice.chaos,Permanent,SharedPoolMaxStock=1.,None,
blocked,blocked,B5,item.dice.black_market,Achat Dé Marché Noir,DiceItem,Epic,15,item.dice;epic;risk,Yes,1,,PostPurchase,GrantedDiceDefinition,Purchase succeeds,Source,GrantedDiceDefinition=dice.black_market,Permanent,Not created in B5 because dice.black_market is blocked.,Depends on blocked dice.black_market.,
todo,ReadyNow,B9,item.dice.copycat,Achat Dé Copieur,DiceItem,Epic,16,item.dice;epic;copy,Yes,1,,PostPurchase,GrantedDiceDefinition,Purchase succeeds,Source,GrantedDiceDefinition=dice.copycat,Permanent,SharedPoolMaxStock=1.,None,
blocked,blocked,B5,item.dice.lord,Achat Dé Seigneur,DiceItem,Legendary,20,item.dice;legendary;matching,Yes,1,,PostPurchase,GrantedDiceDefinition,Purchase succeeds,Source,GrantedDiceDefinition=dice.lord,Permanent,Not created in B5 because dice.lord is blocked.,Depends on blocked dice.lord.,
validated,ReadyNow,B5,item.dice.jackpot,Achat Dé Jackpot,DiceItem,Legendary,22,item.dice;legendary;jackpot,Yes,1,,PostPurchase,GrantedDiceDefinition,Purchase succeeds,Source,GrantedDiceDefinition=dice.jackpot,Permanent,Created in B5: grants dice.jackpot; SharedPoolMaxStock=1.,None after B5 legendary shared stock test.,
validated,ReadyNow,B3,consumable.golden_reroll,Relance Dorée,Consumable,Common,3,consumable;reroll;economy,No,0,,ConsumableUse,RerollDie;AddGold,LastAffectedDieValueIncreased,SelectedDie,Reroll=1; GoldOnIncrease=3,Immediate,Created in B3; before/after comparison covered by targeted test.,None,Bonne premiere interaction.
validated,ReadyNow,B3,consumable.lock,Verrou,Consumable,Common,2,consumable;lock;reroll,No,0,,ConsumableUse,LockDie,Selected die,SelectedDie,bLocked=true,Round,Created in B3; selected die lock covered by targeted test.,None,Simple et clair.
validated,ReadyNow,B3,consumable.polish,Polissage,Consumable,Uncommon,4,consumable;transform;economy,No,0,,ConsumableUse,TransformDiceForRound,Selected die has tag die.standard,SelectedDie,TransformDiceDefinition=dice.silver,Round,Created in B3; selected standard die transforms for round only.,None,Bon pont upgrade temporaire.
validated,ReadyNow,B3,consumable.injection,Injection,Consumable,Common,3,consumable;modify_die;value.over_six,No,0,,ConsumableUse,ModifyDieValue,Selected die,SelectedDie,Amount=2; AllowAboveSix=true,Round,Created in B3; ModifyDieValue does not clamp at 6.,None,Simple et satisfaisant.
todo,NeedsMechanicUIFlow,B7,consumable.minor_cheat,Triche Mineure,Consumable,Rare,7,consumable;cheat;pre_roll,No,0,,PreRoll,SetDieValue,Choose face before roll,SelectedDie,ChosenFaceValue,Round,Besoin UI de choix de face avant lancer.,Pre-roll selected die command UI missing.,Peut casser l'aléatoire; garder rare.
validated,ReadyNow,B3,consumable.bribe,Pot-de-vin,Consumable,Uncommon,5,consumable;opponent;score_down;negative,No,0,,ConsumableUse,SpendGold;AddTemporaryScoreModifier,Pay 5 gold; target opponent,TargetOpponent,Spend=5; TargetMultiplier=0.9,Round,Created in B3 per request; source cost and target malus covered by targeted test.,None,Interaction negative moderee.
blocked,blocked,B3,consumable.fake_face,Fausse Face,Consumable,Uncommon,5,consumable;face_replace;temporary,No,0,,ConsumableUse,CustomReplaceDieFaceForRound,Selected die face slot,SelectedDie,Replace one face with 6,Round,"Not created in B3: current runtime can set a die value, but cannot temporarily replace one authored face and restore it cleanly next round.",Temporary face replacement/restoration missing.,Bonne idee mais UI a definir.
todo,NeedsMechanicUIFlow,B9,consumable.copycat_consumable,Copie Conforme,Consumable,Rare,6,consumable;copy;reaction,No,0,,ConsumableUse,CustomCopyOtherConsumableThisRound,Other player used consumable this round,Source,Copy last consumable effect,Round,Besoin journal d'utilisation par round.,Consumable history/reaction window missing.,A garder apres event log.
todo,NeedsMechanicUIFlow,B8,consumable.stress_hit,Coup de Stress,Consumable,Rare,6,consumable;time;all_players;negative,No,0,,ConsumableUse,ModifyTurnTimer,All players next turn,AllPlayers,Seconds=-5,NextRound,Besoin timer par joueur.,Timer system missing.,Peut etre frustrant; prevoir contre-jeu.
todo,ReadyNow,B6,consumable.tax_audit,Audit Fiscal,Consumable,Uncommon,5,consumable;economy;richest;negative,No,0,,ConsumableUse,SpendGold,Richest player,RichestPlayer,PercentCurrentGold=20,Immediate,Tester arrondis et egalites joueur le plus riche.,Percent spend target rule not native.,Bon catch-up si feedback clair.
validated,ReadyNow,B4,consumable.investment,Investissement,Consumable,Uncommon,5,consumable;economy;recurring,No,0,,ConsumableUse,SpendGold;AddRecurringGoldIncome,Source has >=10 gold,Source,Spend=10; GoldPerRound=3,5 rounds,Created in B4; recurring income and spend order covered by B4 targeted test.,None,Tres bon choix strategique.
todo,TestCarefully,B6,consumable.risky_contract,Contrat Risqué,Consumable,Rare,8,consumable;risk;module_loss,No,0,,ConsumableUse;Ranking,AddTemporaryScoreModifier;SellItem,If source finishes last,Source,Multiplier=2; RemoveRandomModuleOnLast,Round,Besoin removal module aleatoire au ranking.,Random module removal missing; ranking hook exists.,Fort mais punitif; avertir clairement.
validated,ReadyNow,B2,module.flat.adder,Additionneur,Module,Common,3,module;score.flat,No,0,,ScoreModifier,ScoreModifier,None,Source,AdditiveBonus=10,Permanent,Validation directe PersistentScoreModifier.,None,Bon module baseline.
validated,ReadyNow,B2,module.flat.small_bonus,Petit Bonus,Module,Common,4,module;score.flat;build.low,No,0,,PostScoreCalculation,AddScoreFlat,DieValueEquals 1,Source,Amount=15 per matching die,Round,Created and validated in B2 unlocked pass.,None,Tres lisible.
validated,ReadyNow,B2,module.flat.big_bonus,Gros Bonus,Module,Common,4,module;score.flat;value.six,No,0,,PostScoreCalculation,AddScoreFlat,DieValueEquals 6,Source,Amount=20 per matching die,Round,Created and validated in B2 unlocked pass.,None,
validated,ReadyNow,B2,module.flat.even_counter,Compteur Pair,Module,Common,4,module;score.flat;build.even,No,0,,PostScoreCalculation,AddScoreFlat,Each even die,Source,Amount=8 per even die,Round,Created and validated in B2 unlocked pass.,None,"Simple, mais ajouter condition parity propre."
validated,ReadyNow,B2,module.flat.odd_counter,Compteur Impair,Module,Common,4,module;score.flat;build.odd,No,0,,PostScoreCalculation,AddScoreFlat,Each odd die,Source,Amount=8 per odd die,Round,Created and validated in B2 unlocked pass.,None,
validated,ReadyNow,B2,module.flat.clean_table,Table Propre,Module,Common,4,module;score.flat;safe,No,0,,ScoreModifier,AddScoreFlat,No die <= 0,Source,Amount=25,Round,Created and validated in B2 unlocked pass.,None,Bon contrepoids au risque.
validated,ReadyNow,B2,module.flat.bad_start,Mauvais Début,Module,Common,4,module;score.flat;position.hand,No,0,,PostScoreCalculation,AddScoreFlat,First die <= 2,Source,Amount=40,Round,"Premier dé = index main 0, pas premier lancé physique.",None,Lisible si UI ordonne les dés.
blocked,NeedsMechanicUIFlow,B2,module.flat.last_hope,Dernier Espoir,Module,Common,4,module;score.flat;position.hand,No,0,,PostScoreCalculation,AddScoreFlat,Last rolled die,Source,Amount=30,Round,"Non cree B2: dernier de lance/rerolled demande un vrai suivi ordre de roll, pas un slot de main.",Needs roll-order/last-rerolled event tracking in dice component/round flow; hand index is not last rolled.,Potentiellement ambigu.
validated,ReadyNow,B2,module.flat.stable_hand,Main Stable,Module,Common,5,module;score.flat;stable,No,0,,ScoreModifier,AddScoreFlat,All dice between 2 and 5,Source,Amount=50,Round,Created and validated in B2 unlocked pass.,None,Bon reward de stabilité.
validated,ReadyNow,B2,module.flat.guaranteed_minimum,Minimum Garanti,Module,Common,4,module;score.flat;catchup,No,0,,PostScoreCalculation,AddScoreFlat,Raw score < 20,Source,Amount=40,Round,Created and validated in B2 unlocked pass.,None,Bon anti-frustration.
validated,ReadyNow,B2,module.flat.presence_bonus,Bonus de Présence,Module,Common,4,module;score.flat;dice_count,No,0,,ScoreModifier,AddScoreFlat,None,Source,Amount=5*OwnedDiceCount,Round,Created and validated in B2 unlocked pass.,None,Soutient expansion loadout.
validated,TestCarefully,B2,module.flat.collector,Collectionneur,Module,Common,5,module;score.flat;collection,No,0,,ScoreModifier,AddScoreFlat,None,Source,Amount=10*DistinctDiceTypes,Round,Validated B2: AmountPerDistinctOwnedDiceType inventory scalar; DataValidation/Automation/smoke OK.,Resolved: distinct owned dice type count supported by inventory component.,Bon build variété.
validated,TestCarefully,B2,module.flat.monomaniac,Monomaniaque,Module,Common,5,module;score.flat;collection,No,0,,ScoreModifier,AddScoreFlat,None,Source,Amount=15*MostRepeatedDiceIdCount,Round,Validated B2: AmountPerMostRepeatedOwnedDiceType inventory scalar; DataValidation/Automation/smoke OK.,Resolved: most repeated owned dice type count supported by inventory component.,Bon opposé de Collectionneur.
validated,ReadyNow,B2,module.mult.basic_multiplier,Multiplicateur Basique,Module,Common,5,module;score.multiplier,No,0,,ScoreModifier,ScoreModifier,None,Source,Multiplier=1.2,Permanent,Validation directe PersistentScoreModifier.,None,Baseline mult.
validated,ReadyNow,B2,module.mult.sixth_sense,Sixième Sens,Module,Uncommon,6,module;score.multiplier;value.six,No,0,,ScoreModifier,MultiplyScore,HasAtLeastMatchingDice value=6 count=1,Source,Multiplier=1.5,Round,Verifier condition sur EffectiveValue.,None,Tres lisible.
validated,ReadyNow,B2,module.mult.double_even,Double Pair,Module,Uncommon,6,module;score.multiplier;build.even,No,0,,ScoreModifier,MultiplyScore,At least two even dice,Source,Multiplier=1.4,Round,Created and validated in B2 unlocked pass.,None,
validated,ReadyNow,B2,module.mult.full_table,Full Table,Module,Uncommon,7,module;score.multiplier;combo,No,0,,ScoreModifier,MultiplyScore,All dice used in combination,Source,Multiplier=2,Round,Validated B2: bAllDiceUsedBySelectedCombo smoke covers two-pair full-table hand.,Resolved: combination result exposes matched die indexes and all-dice-used flag.,Tres bon mais demande breakdown combo.
validated,ReadyNow,B2,module.mult.high_voltage,Haute Tension,Module,Uncommon,6,module;score.multiplier;raw_score,No,0,,ScoreModifier,MultiplyScore,Raw score > 30,Source,Multiplier=1.5,Round,Created and validated in B2 unlocked pass.,None,
validated,ReadyNow,B2,module.mult.precision,Précision,Module,Uncommon,7,module;score.multiplier;reroll,No,0,,ScoreModifier,MultiplyScore,RerollsUsed == 0,Source,Multiplier=1.8,Round,Created and validated in B2 unlocked pass.,Existing RerollsUsedCondition supports.,Tres fort; cout a surveiller.
validated,ReadyNow,B2,module.mult.relentless,Acharnement,Module,Uncommon,6,module;score.multiplier;reroll,No,0,,ScoreModifier,MultiplyScore,RerollsUsed == RerollLimit,Source,Multiplier=1.6,Round,Condition exacte utilise toutes relances.,None,
todo,NeedsMechanicUIFlow,B8,module.mult.perfect_rhythm,Rythme Parfait,Module,Rare,8,module;score.multiplier;time,No,0,,ScoreModifier,MultiplyScore,Turn duration < 5s,Source,Multiplier=1.5,Round,Besoin timer par tour.,Timer missing.,Reporter.
validated,ReadyNow,B2,module.mult.calculated_move,Coup Calculé,Module,Uncommon,7,module;score.multiplier;reroll,No,0,,ScoreModifier,MultiplyScore,RerollsRemaining == 0,Source,Multiplier=1.7,Round,Equivalent a toutes relances utilisees si limite fixe.,Remaining rerolls not directly in condition.,
todo,TestCarefully,B6,module.mult.medium_bet,Pari Moyen,Module,Uncommon,6,module;score.multiplier;ranking;delayed,No,0,,Ranking;RoundStart,AddTemporaryScoreModifier,Source rank == 2,Source,NextRoundMultiplier=1.5,1 round,Verifier buff prochain round et reset.,Delayed next-round buff storage needed.,"Interessant, mais ne doit pas encourager anti-jeu."
validated,ReadyNow,B2,module.combo.paid_pair,Paire Payante,Module,Uncommon,5,module;combo;score.flat,No,0,,PostCombinationEvaluation,AddScoreFlat,Each Pair,Source,Amount=30 per pair,Round,Created and validated in B2 unlocked pass.,None,
validated,ReadyNow,B2,module.combo.two_pair,Double Paire,Module,Uncommon,7,module;combo;score.multiplier,No,0,,ScoreModifier,MultiplyScore,HasCombinationType TwoPair,Source,Multiplier=2,Round,Valider enum TwoPair.,None,
validated,ReadyNow,B2,module.combo.brutal_triple,Brelan Brutal,Module,Uncommon,7,module;combo;score.flat,No,0,,PostCombinationEvaluation,AddScoreFlat,HasCombinationType ThreeOfAKind,Source,Amount=100,Round,Created and validated in B2 unlocked pass.,Combination result may choose best only; full house might hide brelan.,
validated,ReadyNow,B2,module.combo.royal_square,Carré Royal,Module,Rare,10,module;combo;score.multiplier,No,0,,ScoreModifier,MultiplyScore,HasCombinationType FourOfAKind,Source,Multiplier=3,Round,Valider FourOfAKind.,None,
validated,ReadyNow,B2,module.combo.five_identical,Cinq Identiques,Module,Epic,14,module;combo;score.multiplier,Yes,1,,ScoreModifier,MultiplyScore,HasCombinationType FiveOfAKind,Source,Multiplier=8,Round,Tres fort; verifier caps.,None,Peut finir des rounds; garder rare.
validated,ReadyNow,B2,module.combo.short_straight,Suite Courte,Module,Uncommon,6,module;combo;straight;score.flat,No,0,,PostCombinationEvaluation,AddScoreFlat,HasCombinationType StraightSmall,Source,Amount=50,Round,Created and validated in B2 unlocked pass.,Evaluator enum exists.,
validated,ReadyNow,B2,module.combo.long_straight,Suite Longue,Module,Rare,10,module;combo;straight;score.multiplier,No,0,,ScoreModifier,MultiplyScore,HasCombinationType StraightLarge,Source,Multiplier=4,Round,Created and validated in B2 unlocked pass.,Evaluator enum exists.,
validated,ReadyNow,B2,module.combo.full_house,Full House,Module,Rare,10,module;combo;score.flat;score.multiplier,No,0,,PostCombinationEvaluation;ScoreModifier,AddScoreFlat;MultiplyScore,HasCombinationType FullHouse,Source,Amount=150; Multiplier=2,Round,Tester double effect order.,None,Tres puissant mais lisible.
todo,NeedsMechanicUIFlow,B7,module.combo.aligned_dice,Dés Alignés,Module,Rare,9,module;combo;position.order,No,0,,ScoreModifier,MultiplyScore,Dice ordered ascending by hand/placement,Source,Multiplier=2,Round,Clarifier ordre main vs ordre spatial.,Ordering/placement condition missing.,Bon avec Architecte plus tard.
validated,ReadyNow,B2,module.combo.symmetry,Symétrie,Module,Rare,9,module;combo;pattern,No,0,,ScoreModifier,MultiplyScore,Dice values are palindrome,Source,Multiplier=3,Round,"Validated B2: palindrome hand smoke [2,5,5,2] applies multiplier.",Resolved: DiceValuesPalindrome condition supported in hand-index order.,Original et lisible avec UI.
validated,ReadyNow,B2,module.combo.double_six,Double Six,Module,Uncommon,7,module;combo;value.six;score.flat,No,0,,PostScoreCalculation,AddScoreFlat,HasAtLeastMatchingDice value=6 count=2,Source,Amount=100,Round,Verifier n'active qu'une fois.,None,
validated,ReadyNow,B2,module.combo.triple_six,Triple Six,Module,Rare,10,module;combo;value.six;score.multiplier,No,0,,ScoreModifier,MultiplyScore,HasAtLeastMatchingDice value=6 count=3,Source,Multiplier=4,Round,Verifier n'active qu'une fois.,None,
validated,ReadyNow,B2,module.combo.bad_hand,Mauvaise Main,Module,Common,4,module;combo;catchup;economy,No,0,,PostCombinationEvaluation;Reward,AddScoreFlat;AddGold,Combination None or HighDice only,Source,Amount=40; Gold=4,Round,Definir aucun combo = None/HighDice.,None,Bon anti-frustration.
validated,TestCarefully,B2,module.combo.all_or_nothing,Tout ou Rien,Module,Rare,9,module;combo;risk;score.multiplier,No,0,,ScoreModifier,MultiplyScore,FourOfAKind ? else,Source,Multiplier=5 else 0.7,Round,"Validated B2: implemented as two MultiplyScore effects, FourOfAKind and inverted FourOfAKind else.",Resolved: inverted condition gives explicit else branch.,Bon mais frustrant; afficher risque.
validated,ReadyNow,B4,module.economy.piggy_bank,Tirelire,Module,Common,4,module;economy;income,No,0,,Reward,AddGold,None,Source,Amount=2,Round,Created in B4; reward gold remains under economy cap rules.,None,
validated,ReadyNow,B4,module.economy.interests,Intérêts,Module,Uncommon,6,module;economy;interest,No,0,,RoundStart,ModifyInterestInterval;ModifyInterestBonus,None,Source,Interval=5; Bonus=1,Permanent,Created in B4; RoundStart applies persistent interest modifiers before reward economy.,None,Risque de snowball si cumule avec interet base.
validated,ReadyNow,B4,module.economy.private_bank,Banque Privée,Module,Rare,9,module;economy;score.flat;gold_scaling,No,0,,ScoreModifier,AddScoreFlat,None,Source,Amount=5*CurrentGold,Round,Created in B4 completion; AmountPerGold current-gold score scalar is covered by targeted test.,None,Fort avec economie.
validated,ReadyNow,B4,module.economy.capitalism,Capitalisme,Module,Rare,10,module;economy;score.multiplier;gold_scaling,No,0,,ScoreModifier,MultiplyScore,None,Source,Multiplier=1.1 per 10 gold,Round,Created in B4 completion; MultiplierPerGoldTier with GoldTierSize is covered by targeted test.,None,Tres snowball; cap recommande.
validated,ReadyNow,B4,module.economy.cheapskate,Radin,Module,Common,4,module;economy;shop_skipped,No,0,,ShopSkipped,AddGold,No purchase in shop,Source,Amount=8,Round,Created in B4; ShopSkipped gold covered by targeted test.,None,Bon choix economie.
blocked,NeedsMechanicUIFlow,B4,module.economy.big_spender,Flambeur,Module,Uncommon,6,module;economy;delayed;spend_all,No,0,,PostPurchase;RoundStart,AddTemporaryScoreModifier,Gold becomes 0 after purchase,Source,NextRoundMultiplier=2,1 round,Reclassed in B4 completion: not created because spend-all exact purchase detection plus delayed next-round buff is not yet reliable.,Needs exact gold-zero purchase event and delayed next-round score buff state.,Peut encourager all-in amusant.
todo,NeedsMechanicUIFlow,B9,module.economy.investor,Investisseur,Module,Rare,8,module;economy;persistent_score,No,0,,PostPurchase,CustomPermanentScoreBonus,Purchased item type Module,Source,PermanentAdditive += 5,Permanent,Besoin state permanent par player/module.,Permanent score modifier mutation missing.,Bon scaling long terme.
validated,ReadyNow,B4,module.economy.cashback,Cashback,Module,Uncommon,6,module;economy;shop;dice,No,0,,PostPurchase,AddShopCashbackPercent,ShopItemTag item.dice,Source,Percent=30,Purchase,Created in B4; dice-item cashback covered by targeted test.,None,
validated,ReadyNow,B4,module.economy.bargaining,Marchandage,Module,Uncommon,6,module;economy;shop;discount,No,0,,PrePriceResolve,AddShopDiscountPercent,First shop/purchase each round,Source,Percent=25,Purchase,Created in B4; first-purchase discount covered by targeted test.,None,
validated,ReadyNow,B4,module.economy.coupon,Coupon,Module,Rare,9,module;economy;shop;free,No,0,,PostShopGenerate,MakeShopOfferFree,Random generated offer once per shop,ShopOffer,One generated shop offer marked free,Shop,Created in B4 completion; PostShopGenerate marks exactly one generated offer free per shop.,None,Tres fort; limiter a 1.
validated,ReadyNow,B4,module.economy.inflation,Inflation,Module,Rare,8,module;economy;shop;surcharge;income,No,0,,PrePriceResolve;Reward,AddShopSurchargePercent;AddGold,None,Source,Prices+10%; ExtraGold=10% of base+interest reward gold,Permanent,Created in B4 completion; shop surcharge plus percent-of-round-gold reward scalar are data-driven.,None,Effet global a bien telegraphier.
validated,ReadyNow,B4,module.economy.debt,Dette,Module,Rare,9,module;economy;debt;score.multiplier,No,0,,RoundStart;ScoreModifier,ModifyDebtLimit;MultiplyScore,CurrentGold < 0,Source,DebtLimit=-20; Multiplier=1.5,Permanent,Created in B4; debt limit and negative-gold multiplier covered by targeted tests.,None,Bonne mécanique si dette lisible.
validated,ReadyNow,B4,module.economy.loan_shark,Usurier,Module,Uncommon,6,module;economy;debt;income,No,0,,PostPurchase;Reward,AddGold;SpendGold,None,Source,ImmediateGold=15; SpendPerRound=3,Permanent,Created in B4 completion; acquired module PostPurchase effects now execute and reward repayment is data-driven.,None,Simple mais punitif.
validated,ReadyNow,B4,module.economy.minor_jackpot,Jackpot Mineur,Module,Uncommon,7,module;economy;chance;value.six,No,0,,Reward,AddGold,Each 6; ChancePercentage 20,Source,Amount=10 per proc,Round,Created in B4 completion; per-matching-die chance loop is implemented for value 6 procs.,None,Synergie avec Trefle propose.
todo,NeedsMechanicUIFlow,B7,module.economy.forced_sale,Vente Forcée,Module,Rare,8,module;economy;sell;dice,No,0,,ConsumableUse;Shop,SellDie,Once per round; selected owned die,Source,Gold=2*DieCost,Round,Besoin action UI vendre un dé.,SellDie exists but price lookup/action UI missing.,Potentiellement dangereux pour joueurs novices.
validated,ReadyNow,B4,module.economy.minimum_wage,Salaire Minimum,Module,Common,4,module;economy;ranking;catchup,No,0,,Ranking,AddGold,Rank == last,Source,Amount=8,Round,"Created in B4 completion; dynamic LastRank condition is player-count aware for 2, 3, and 4 players.",None,Bon catch-up.
validated,ReadyNow,B4,module.economy.victory_bonus,Prime de Victoire,Module,Common,4,module;economy;ranking,No,0,,Ranking,AddGold,Rank == 1,Source,Amount=5,Round,Created in B4; fixed rank 1 condition is supported.,None,Reward leader; surveiller snowball.
validated,ReadyNow,B4,module.economy.outsider_bonus,Bonus d’Outsider,Module,Uncommon,6,module;economy;catchup;score.multiplier,No,0,,ScoreModifier,MultiplyScore,Source has least gold,Source,Multiplier=1.5,Round,Created in B4 completion; lowest-gold condition supports ties and is covered by targeted test.,None,Bon anti-leader.
validated,ReadyNow,B2,module.rarity.common_fan,Amateur de Commun,Module,Uncommon,6,module;rarity;common;score.flat,No,0,,ScoreModifier,AddScoreFlat,Each owned common die,Source,Amount=10 per common die,Round,Validated B2: owned common die rarity count scalar supported.,Resolved: owned dice rarity count supported by inventory component.,Bon si dés communs restent viables.
validated,TestCarefully,B2,module.rarity.rare_collection,Collection Rare,Module,Rare,9,module;rarity;rare;score.multiplier,No,0,,ScoreModifier,MultiplyScore,Each owned rare die,Source,Multiplier=1.2 per rare die,Round,Validated B2: uses exponential MultiplierPerOwnedDiceRarityCount = 1.2^rareCount; balance remains TestCarefully.,Resolved: owned rare dice multiplier scalar supported.,Risque de snowball rare.
validated,TestCarefully,B2,module.rarity.luxury,Luxe,Module,Rare,9,module;rarity;epic;legendary;score.flat,No,0,,ScoreModifier,AddScoreFlat,Each owned epic or legendary item,Source,Amount=50 per item,Round,"Validated B2: item count means owned dice + active modules + consumables, Epic+.",Resolved: owned item rarity at-least count supported.,Clarifier objet = inventory complet.
validated,ReadyNow,B2,module.rarity.poor_but_proud,Pauvre Mais Fier,Module,Uncommon,7,module;rarity;common_only;score.multiplier,No,0,,ScoreModifier,MultiplyScore,No owned die Rare+,Source,Multiplier=2,Round,Validated B2: no owned Rare+ die condition uses OwnedDiceRarityAtLeastCount == 0.,Resolved: owned dice rarity threshold condition supported.,Bon build low-cost.
blocked,blocked,B2,module.rarity.snob,Snob,Module,Rare,9,module;rarity;score_override,No,0,,PreScoreCalculation;ScoreModifier,SetDieScoreContributionValue;MultiplyScore,Common dice; Rare+ dice,Source,CommonScore=0; RarePlusMultiplier=2,Round,Non cree B2: support propre demande ciblage par rarete de chaque de et breakdown clair des des communs a 0.,Needs per-die rarity targeting plus zero score-contribution override/UX breakdown; too large for clean B2 DataAsset.,Fortement transformant; a garder rare.
validated,ReadyNow,B4,module.rarity.niche_market,Marché de Niche,Module,Uncommon,6,module;rarity;shop;discount;score.flat,No,0,,PrePriceResolve;ScoreModifier,AddShopDiscountPercent;AddScoreFlat,ShopItemRarity Uncommon,Source,Discount=20; Add=10,Permanent,Created in B4 completion; uncommon shop discount and flat score effect use supported rarity/shop conditions.,None,
validated,TestCarefully,B2,module.rarity.relics,Reliques,Module,Epic,14,module;rarity;legendary;score.flat,Yes,1,,ScoreModifier,AddScoreFlat,Each owned legendary module,Source,Amount=100 per legendary module,Round,Validated B2: active legendary module count scalar; shared pool stock 1.,Resolved: owned active module rarity count supported.,Peut devenir win-more.
validated,TestCarefully,B2,module.rarity.perfect_balance,Équilibre Parfait,Module,Epic,14,module;rarity;set;score.multiplier,Yes,1,,ScoreModifier,MultiplyScore,At least one die Common Uncommon Rare Epic,Source,Multiplier=3,Round,"Validated B2: requires exact Common, Uncommon, Rare and Epic owned dice; Legendary does not substitute Epic.",Resolved: rarity set represented by multiple owned dice rarity count conditions.,Très bon objectif build.
todo,NeedsMechanicUIFlow,B6,module.rarity.monopoly,Monopole,Module,Rare,9,module;rarity;competitive;economy,No,0,,Reward,AddGold,Source owns more rare dice than every opponent,Source,Amount=10,Round,Besoin comparaison inventaires adverses.,Opponent inventory comparison missing.,Indirect competition correcte.
validated,ReadyNow,B4,module.reroll.free_reroll,Relance Gratuite,Module,Common,5,module;reroll;limit,No,0,,RoundStart,ModifyRerollLimit,None,Source,Amount=1,Round,Created in B4; reroll limit modifier covered by targeted test.,None,
blocked,NeedsMechanicUIFlow,B4,module.reroll.paid_reroll,Relance Payante,Module,Common,4,module;reroll;economy;action,No,0,,PreReroll,SpendGold;AddReroll,Player buys reroll,Source,Cost=3; Reroll=1,Immediate,Reclassed in B4 completion: not created because buying an extra reroll needs a real player command/action flow.,Paid reroll command and spend gating are missing.,Simple si bouton clair.
validated,ReadyNow,B4,module.reroll.profitable_reroll,Relance Rentable,Module,Common,5,module;reroll;score.flat,No,0,,PostReroll,AddTemporaryScoreModifier,Each reroll used,Source,Amount=10,Round,Created in B4 as temporary score modifier on PostReroll so it persists to scoring.,None,
validated,ReadyNow,B4,module.reroll.dangerous_reroll,Relance Dangereuse,Module,Uncommon,6,module;reroll;risk;score.multiplier,No,0,,PostReroll,AddTemporaryScoreModifier,Each reroll used,Source,Multiplier*=1.2; Additive=-5 per reroll,Round,Created in B4; additive negative plus multiplier stack covered by targeted test.,None,
validated,ReadyNow,B4,module.reroll.one_more,Encore Une,Module,Uncommon,6,module;reroll;refund,No,0,,PostReroll,AddReroll,Reroll changed no dice values,Source,Amount=1,Immediate,Created in B4 completion; reroll no-value-change delta grants reroll and is covered by targeted test.,None,Bonne compensation variance.
validated,ReadyNow,B4,module.reroll.master,Reroll Master,Module,Uncommon,7,module;reroll;modify_die,No,0,,PostReroll,ModifyDieValue,First die rerolled this round,SourceDie,Amount=3,Round,Created in B4 completion; first-rerolled-die tracking targets the first rerolled die this round.,None,
blocked,NeedsMechanicUIFlow,B4,module.reroll.free_lock,Verrouillage Gratuit,Module,Common,4,module;reroll;lock,No,0,,RoundStart,SetDieCanBeLocked,None,Source,FreeLock=true,Round,Reclassed in B4 completion: not created because lock cost is not modeled; current lock flow would make this a no-op.,Lock cost/free-lock system is missing or redundant.,A reconsiderer si lock gratuit par design.
validated,ReadyNow,B4,module.reroll.determination,Détermination,Module,Uncommon,7,module;reroll;die_history;score.multiplier,No,0,,PostReroll;ScoreModifier,MultiplyScore,Same die rerolled twice,SourceDie,Multiplier=2,Round,Created in B4 completion; per-die reroll count condition is covered by targeted test.,None,
validated,ReadyNow,B4,module.reroll.frustration,Frustration,Module,Common,5,module;reroll;score.flat,No,0,,PostReroll,AddTemporaryScoreModifier,A die value decreased after reroll,Source,Amount=15 per decreased die,Round,Created in B4 completion; value-decreased reroll delta scalar creates temporary score for scoring phase.,None,Bon anti-frustration.
validated,ReadyNow,B4,module.reroll.greed_roll,Greed Roll,Module,Common,5,module;reroll;economy,No,0,,Reward,AddGold,Unused rerolls > 0,Source,Amount=3*UnusedRerolls,Round,Created in B4 after adding AmountPerUnusedReroll scalar; covered by targeted test.,None,
blocked,NeedsMechanicUIFlow,B4,module.reroll.last_chance,Dernière Chance,Module,Uncommon,7,module;reroll;score.multiplier,No,0,,PostReroll,AddTemporaryScoreModifier,Last reroll used,BestDie,Multiplier=2 on best die,Round,Reclassed in B4 completion: not created because last-reroll plus best-die contribution targeting is not modeled cleanly.,Needs last-reroll detection and per-die best contribution multiplier.,
blocked,NeedsMechanicUIFlow,B4,module.reroll.cursed_reroll,Relance Maudite,Module,Rare,8,module;reroll;risk;curse,No,0,,RoundStart;PostReroll,ModifyRerollLimit;SetDieValue,Each reroll chance,SourceDie,RerollLimit+2; Chance reduce random die to 0,Round,Reclassed in B4 completion: not created because random die reroll/mutation during PostReroll needs a bounded action flow.,Random die reroll effect on reroll hook is missing.,Bon risque mais doit etre clair.
todo,NeedsMechanicUIFlow,B7,module.position.left_side,Côté Gauche,Module,Rare,8,module;position;score.multiplier,No,0,,ScoreModifier,MultiplyScore,Leftmost die,SourceDie,Multiplier=2,Round,Besoin notion gauche sur plateau.,Table/hand spatial ordering missing.,Tres coherent avec table.
todo,NeedsMechanicUIFlow,B7,module.position.right_side,Côté Droit,Module,Rare,8,module;position;score.flat,No,0,,PostScoreCalculation,AddScoreFlat,Rightmost die,SourceDie,Amount=50,Round,Besoin notion droite sur plateau.,Table/hand spatial ordering missing.,
todo,NeedsMechanicUIFlow,B7,module.position.table_center,Centre de Table,Module,Rare,8,module;position;score.flat,No,0,,PostScoreCalculation,AddScoreFlat,Dice in center zone,Source,Amount=20 per center die,Round,Besoin zones de plateau.,Dice spatial zones missing.,
todo,NeedsMechanicUIFlow,B7,module.position.formation,Formation,Module,Rare,9,module;position;score.multiplier,No,0,,ScoreModifier,MultiplyScore,Dice in line without gap,Source,Multiplier=1.5,Round,Besoin detection geometrique robuste.,Geometry condition missing.,
todo,NeedsMechanicUIFlow,B7,module.position.triangle,Triangle,Module,Epic,12,module;position;geometry;score.multiplier,No,0,,ScoreModifier,MultiplyScore,Three selected dice form triangle,Source,Multiplier=2,Round,Selection et geometric validation a definir.,Spatial selection UI missing.,"Bon pour table physique, tardif."
todo,NeedsMechanicUIFlow,B7,module.position.ritual_circle,Cercle Rituel,Module,Epic,12,module;position;geometry;consumable;economy,No,0,,Reward,AddGold,Dice surround a consumable,Source,Amount=5,Round,Besoin consommables places physiquement.,Consumable table placement missing.,Tres thematique mais exigeant.
todo,NeedsMechanicUIFlow,B7,module.position.hidden_face,Face Cachée,Module,Rare,9,module;position;hidden;score.multiplier,No,0,,ScoreModifier;PreReroll,MultiplyScore;SetDieCanBeRerolled,Hidden die,SourceDie,Multiplier=2; CanReroll=false,Round,Besoin etat cache/revele local.,Hidden visibility system missing.,Peut créer confusion en local multiplayer.
todo,NeedsMechanicUIFlow,B7,module.position.exposed_die,Dé Exposé,Module,Uncommon,6,module;position;visible;score.flat,No,0,,PostScoreCalculation,AddScoreFlat,Die visible by all,SourceDie,Amount=25,Round,Besoin état visible par tous.,Visibility system missing.,
todo,NeedsMechanicUIFlow,B6,module.position.intimidation,Intimidation,Module,Rare,8,module;position;opponent;negative,No,0,,PostScoreCalculation,AddScoreFlat,Source has a 6,OppositePlayer,Amount=-10,Round,Besoin mapping joueur en face.,Table seat relation target rule missing.,Interaction faible mais claire.
todo,NeedsMechanicUIFlow,B6,module.position.lateral_pressure,Pression Latérale,Module,Rare,9,module;position;opponent;negative;combo,No,0,,PostCombinationEvaluation,StealScore,Each pair formed,LeftAndRightPlayers,Amount=5 per pair,Round,Besoin joueurs gauche/droite et count paires.,Seat relation and per-pair count missing.,Limiter pour ne pas trop punir.
todo,NeedsMechanicUIFlow,B6,module.competitive.point_thief,Voleur de Points,Module,Rare,8,module;competitive;steal_score;value.six,No,0,,PostScoreCalculation,StealScore,Source has a 6,LeadingPlayer,Amount=10,Round,Target leader au moment scoring a definir.,Leading player target rule missing until ranking snapshot.,Interaction moderee.
todo,NeedsMechanicUIFlow,B6,module.competitive.light_saboteur,Saboteur Léger,Module,Rare,8,module;competitive;sabotage;negative,No,0,,Action,ModifyDieValue,Once per round; visible opponent die,OpponentSelectedDie,Amount=-1,Round,Besoin UI cible dé adverse visible.,Opponent visible die targeting missing.,Attention negative interaction.
todo,ReadyNow,B6,module.competitive.luxury_tax,Taxe de Luxe,Module,Uncommon,7,module;competitive;economy;richest,No,0,,Reward,SpendGold;AddGold,Richest player,RichestPlayer;Source,TargetSpend=2; SourceAdd=1,Round,Verifier si source est aussi le plus riche.,Multi target same effect needs care.,Catch-up indirect acceptable.
todo,TestCarefully,B6,module.competitive.threatening_look,Regard Menaçant,Module,Uncommon,6,module;competitive;reroll;score.flat,No,0,,ScoreModifier,AddScoreFlat,Any opponent rerolled more than source,Source,Amount=30,Round,Besoin comparer compteurs relance adverses.,Opponent reroll count comparison missing.,
todo,TestCarefully,B6,module.competitive.jealous_copycat,Copieur Jaloux,Module,Rare,9,module;competitive;copy;score.flat,No,0,,ScoreModifier,AddScoreFlat,Best player's flat bonus exists,Source,Amount=25% best flat bonus,Round,Besoin exposer breakdown bonus plat par joueur.,Opponent score breakdown copy missing.,Peut etre opaque.
todo,NeedsMechanicUIFlow,B6,module.competitive.rivalry,Rivalité,Module,Rare,8,module;competitive;rival;economy,No,0,,RoundStart;Ranking,AddGold,Chosen rival beaten this round,TargetOpponent,Amount=10,Round,Besoin UI choisir rival.,Rival selection persistence missing.,Bonne histoire locale.
todo,TestCarefully,B6,module.competitive.last_word,Dernier Mot,Module,Uncommon,6,module;competitive;turn_order;score.multiplier,No,0,,ScoreModifier,MultiplyScore,Source plays after all others,Source,Multiplier=1.5,Round,Definir ordre de jeu en phase simultanee.,Turn order state missing if simultaneous.,
todo,TestCarefully,B6,module.competitive.first_blood,Premier Sang,Module,Uncommon,6,module;competitive;turn_order;value.six;score.flat,No,0,,PostScoreCalculation,AddScoreFlat,Source plays first and first 6,Source,Amount=100,Round,Besoin tracker premier 6.,Turn order/first 6 tracking missing.,
todo,NeedsMechanicUIFlow,B7,module.competitive.bluffer,Bluffeur,Module,Rare,8,module;competitive;bluff;economy,No,0,,Action;Resolution,CustomBluffClaim,No contest,Source,Gold=5,Round,Besoin UI annonce/contestation.,Bluff flow missing.,A garder pour mode table avancé.
todo,NeedsMechanicUIFlow,B7,module.competitive.accusation,Accusation,Module,Rare,8,module;competitive;bluff;negative,No,0,,Action,CustomAccuseCheat,Once per round,TargetOpponent,If correct target loses consumable; else source spend 5 gold,Round,Besoin définition de triche et preuve.,Cheat state/accusation UI missing.,Risque de complexite sociale.
todo,NeedsMechanicUIFlow,B8,module.competitive.common_pot,Pot Commun,Module,Rare,8,module;competitive;economy;pot,No,0,,RoundStart;Ranking,CustomSharedPot,All players ante 2,AllPlayers,Ante=2; winner takes pot,Round,Besoin pot global dans GameState.,Shared pot system missing.,Tres bon pour tension.
todo,TestCarefully,B6,module.competitive.table_king,Roi de Table,Module,Rare,9,module;competitive;streak;score.multiplier,No,0,,RoundStart,AddTemporaryScoreModifier,Won previous two rounds,Source,Multiplier=2,Round,Besoin tracker streak de victoires.,Win streak tracking missing.,Win-more; peut etre trop snowball.
todo,TestCarefully,B6,module.competitive.anti_leader,Anti-Leader,Module,Uncommon,6,module;competitive;anti_leader;modify_die,No,0,,PreScoreCalculation,ModifyDieValue,Against previous round winner,Source,Amount=1 to dice when comparing to leader,Round,Clarifier 'contre lui' en scoring non duel.,Duel context missing.,Idée confuse; a reformuler.
todo,ReadyNow,B6,module.competitive.vengeance,Vengeance,Module,Uncommon,6,module;competitive;catchup;score.multiplier,No,0,,RoundStart,AddTemporaryScoreModifier,Finished last previous round,Source,Multiplier=2,Round,Verifier previous rank stocke.,Previous rank tracking needed.,Bon catch-up.
todo,ReadyNow,B6,module.competitive.composure,Sang-Froid,Module,Uncommon,6,module;defense;sabotage,No,0,,RoundStart,PreventNegativeEffect,Negative effect targets source,Source,Reduction=50%,Round,"Effect exists pour prevention totale, pas reduction 50%.",Partial negative reduction missing.,"Proposer soit ignore premier sabotage, soit custom reduction."
todo,TestCarefully,B6,module.competitive.insurance,Assurance,Module,Uncommon,6,module;defense;economy;delayed,No,0,,PostEffect;Reward,AddGold,First time opponent steals gold,Source,NextRoundGold=2*StolenAmount,1 round,Besoin event de vol et montant stocke.,Steal event history missing.,Bon contre-jeu.
validated,ReadyNow,B4,module.shared.golden_pool,Pool Doré,Module,Rare,8,module;shared_pool;golden_die,Yes,1,,PostPurchase,AddSharedPoolStock,Referenced item.dice.golden,SharedPoolItem,StockDelta=3,Permanent,Created in B4 completion; referenced item.dice.golden dynamic shared-stock add is covered by targeted test.,None,Très bon pour tension indirecte.
blocked,NeedsMechanicUIFlow,B4,module.shared.golden_monopoly,Monopole Doré,Module,Rare,9,module;shared_pool;shop;surcharge,Yes,1,,PrePriceResolve,AddShopSurchargePercent,Shop item is item.dice.golden for opponents,ShopOffer,Surcharge=OwnedGoldenDice*X,Purchase,Reclassed in B4 completion: not created because opponent-specific pricing based on owned golden dice is not supported cleanly.,Needs opponent-specific shop context and owned golden dice scalar.,Risque frustrant si trop cher.
validated,ReadyNow,B4,module.shared.shortage,Pénurie,Module,Rare,8,module;shared_pool;shop;surcharge,No,0,,PostPurchase;PrePriceResolve,AddShopFlatPriceDelta,Rare dice purchases counted globally by type+rarity,ShopOffer,RareDicePriceDelta+1 per prior rare dice purchase,Match,Created in B4 completion; global purchase counters by type+rarity drive rare dice price delta.,None,Bonne économie de pool.
todo,NeedsMechanicUIFlow,B8,module.shared.common_market,Marché Commun,Module,Epic,12,module;shared_pool;central_shop,Yes,1,,Shop,CustomCentralShop,None,AllPlayers,One central shop; turn order purchases,Shop,Besoin UI boutique centrale.,Central shop flow missing.,Très bon mais tardif.
todo,NeedsMechanicUIFlow,B8,module.shared.first_arrived,Premier Arrivé,Module,Uncommon,6,module;shared_pool;turn_order;discount,No,0,,PrePriceResolve,AddShopDiscountPercent,First buyer in shop,Source,Discount=20,Purchase,Besoin ordre d'achat et detection premier.,Shop turn order missing.,Simple apres marche commun.
todo,NeedsMechanicUIFlow,B8,module.shared.auctions,Enchères,Module,Epic,12,module;shared_pool;auction,Yes,1,,Shop,CustomAuction,Rare module selected,AllPlayers,Auction one rare module,Shop,"Besoin UI enchere, mise, tie-break.",Auction flow missing.,A creer seulement si boucle shop mature.
todo,TestCarefully,B6,module.shared.disputed_collection,Collection Disputée,Module,Rare,9,module;shared_pool;competitive;score.multiplier,No,0,,ScoreModifier,MultiplyScore,Two players own same rare die type; source has most,Source,Multiplier=1.5,Round,Besoin comparaison inventaires par type.,Opponent inventory comparison missing.,Bonne tension indirecte.
validated,ReadyNow,B4,module.shared.stockout,Rupture de Stock,Module,Rare,8,module;shared_pool;stockout,No,0,,PostPurchase,SetSharedPoolItemUnavailable,Item type bought 3 times total and offer uses shared pool,SharedPoolItem,Threshold=3,Match,Created in B4 completion; global purchase counters by type gate shared-pool unavailable effect.,None,Effet potentiellement global; à expliquer.
todo,NeedsMechanicUIFlow,B8,module.shared.counterfeit,Contrefaçon,Module,Rare,9,module;shared_pool;copy;opponent,No,0,,Shop,CustomCreateWeakCopyOffer,Opponent owns die,Source,Weak copy of opponent die,Shop,Besoin generation d'offre derivee.,Runtime generated dice/item copy missing.,Très cool mais tardif.
todo,NeedsMechanicUIFlow,B8,module.shared.common_black_market,Marché Noir Commun,Module,Epic,13,module;shared_pool;black_market,Yes,1,,Shop,CustomCommonBlackMarketOffer,None,AllPlayers,Powerful offer costs score/module/gold,Shop,Besoin coûts non-gold et UI confirmation.,Non-gold shop costs missing.,A garder rare.
todo,NeedsMechanicUIFlow,B8,module.shared.market_control,Contrôle du Marché,Module,Epic,12,module;shared_pool;reservation;shop,Yes,1,,Shop,BlockShopPurchase,Source has most gold; locks offer,ShopOffer,Reserve/block one offer for others this round,Shop,Besoin UI verrouiller offre.,Offer reservation/block by player missing.,Peut frustrer; prévoir contre-jeu.
validated,ReadyNow,B5,module.big.crazy_multiplier,Multiplicateur Fou,Module,Epic,13,module;big_number;value.six;score.multiplier,Yes,1,,ScoreModifier,MultiplyScore,Each 6,Source,Multiplier *= 1.5 per 6,Round,Created in B5: MultiplierPerMatchingDie=1.5 per 6 plus score cap guard.,None after B5 per-matching-die multiplier test.,Big number payoff with cap.
todo,NeedsMechanicUIFlow,B9,module.big.escalation,Escalade,Module,Epic,12,module;big_number;persistent;score_growth,Yes,1,,RoundEnd;RoundStart,CustomCumulativeMultiplier,Round score > previous round score,Source,CumulativeMultiplier *= 1.2,Permanent until reset?,Besoin score round precedent et compteur.,Persistent per-player state missing.,Snowball; limiter ou reset clair.
validated,ReadyNow,B5,module.big.dice_storm,Tempête de Dés,Module,Rare,10,module;big_number;value.over_six,No,0,,ScoreModifier,MultiplyScore,Each die > 6,Source,Multiplier *= 2 per die,Round,Created in B5: MultiplierPerMatchingDie=2 per die >6 plus score cap guard.,None after B5 per-matching-die multiplier support.,Royal/high-value payoff.
todo,NeedsMechanicUIFlow,B9,module.big.infinite_engine,Moteur Infini,Module,Epic,13,module;big_number;effect_count,Yes,1,,PostScoreCalculation,AddTemporaryScoreModifier,Each triggered effect,Source,Score +5% per triggered effect,Round,Besoin compteur effets déclenchés par joueur.,Effect trigger counter missing.,Risque de boucle avec Reaction en Chaine.
todo,NeedsMechanicUIFlow,B9,module.big.chain_reaction,Réaction en Chaîne,Module,Epic,14,module;big_number;chance;effect_chain,Yes,1,,PostEffect,CustomTriggerRandomEffect,A die effect triggered; Chance 25,Source,Trigger random additional die effect,Round,Cap obligatoire anti-boucle.,PostEffect hook/random effect pool missing.,Très risqué techniquement; reporter.
blocked,NeedsMechanicUIFlow,B5,module.big.avalanche,Avalanche,Module,Rare,10,module;big_number;threshold;score.flat,No,0,,PostScoreCalculation,AddScoreFlat,Score crosses each 100 threshold,Source,Amount=50 per threshold,Round,Not created in B5: score-threshold crossing count is not modeled once per round.,Threshold-cross count scalar missing.,Reclassed until score milestone breakdown can be represented.
todo,NeedsMechanicUIFlow,B9,module.big.combo_breaker,Combo Breaker,Module,Epic,14,module;big_number;effect_count;score.multiplier,Yes,1,,ScoreModifier,MultiplyScore,At least 5 different effects triggered,Source,Multiplier=5,Round,Besoin compteur effets uniques.,Unique effect counter missing.,Très fort; late.
blocked,NeedsMechanicUIFlow,B5,module.big.point_machine,Machine à Points,Module,Rare,10,module;big_number;module_count;score.flat,No,0,,ScoreModifier,AddScoreFlat,None,Source,Amount=10*OwnedDiceCount*ModuleCount,Round,Not created in B5: OwnedDiceCount*ModuleCount scalar is not supported cleanly.,Module-count scalar/product scalar missing.,Reclassed until active-vs-owned module count is explicit.
todo,NeedsMechanicUIFlow,B9,module.big.exponential,Exponentiel,Module,Epic,14,module;big_number;multiplier_stack,Yes,1,,ScoreModifier,CustomModifyNextMultiplier,Each multiplier applied,Source,NextMultiplier += 10%,Round,Besoin pipeline ordonné de multiplicateurs.,Multiplier stack pipeline missing.,Très risqué pour lisibilité.
blocked,NeedsMechanicUIFlow,B5,module.big.divine_combo,Divine Combo,Module,Epic,15,module;big_number;combo;score.multiplier,Yes,1,,ScoreModifier,MultiplyScore,"Has pair, brelan and at least one 6",Source,Multiplier=10,Round,Not created in B5: composite pair+brelan+six condition is fragile/impossible with default 4 dice and unsupported as one condition.,Composite condition missing and default-hand feasibility unclear.,Reclassed until composite combo support is designed.
todo,NeedsMechanicUIFlow,B9,module.big.overkill,Overkill,Module,Rare,10,module;big_number;economy;overkill,No,0,,Ranking,AddGold,Score above needed score,Source,Gold=ExcessScoreRatio or Excess/100,Round,Définir score necessaire: battre 2e? objectif?,Overkill target score missing.,Idée à clarifier avant asset.
validated,ReadyNow,B4,module.big.deluge,Déluge,Module,Uncommon,7,module;reroll;score.flat;increase,No,0,,PostReroll,AddTemporaryScoreModifier,Each rerolled die that increased,Source,Amount=25 per increased die,Round,Created in B4 completion; value-increased reroll delta scalar creates temporary score for scoring phase.,None,Bon module relance.
todo,NeedsMechanicUIFlow,B9,module.big.ascension,Ascension,Module,Epic,14,module;big_number;streak;persistent,Yes,1,,Ranking;RoundStart,CustomPermanentMultiplier,Each round won; reset if last,Source,PermanentMultiplier *= 1.3; reset on last,Permanent,Besoin tracker et reset runtime.,Persistent multiplier state missing.,Win-more fort; à surveiller.
todo,NeedsMechanicUIFlow,B9,module.big.ceiling_breaker,Briseur de Plafond,Module,Epic,13,module;big_number;cap_break,Yes,1,,PreScoreCalculation,CustomDisableScoreCaps,None,Source,CanExceedMultiplierCap=true,Round,Besoin systeme de cap explicite.,Score cap policy not centralized for multipliers.,A creer seulement si caps existent.
validated,ReadyNow,B5,module.big.ultimate_jackpot,Jackpot Ultime,Module,Legendary,22,module;big_number;jackpot;value.six,Yes,1,,ScoreModifier,MultiplyScore,All dice value 6,Source,Multiplier=50,Round,Created in B5: x50 all-six jackpot plus score cap guard and visible breakdown.,None after B5 jackpot cap/breakdown test.,Legendary jackpot remains capped.
todo,TestCarefully,B6,module.risk.cursed_pact,Pacte Maudit,Module,Epic,13,module;risk;score.multiplier;dice_loss,Yes,1,,ScoreModifier;Ranking,MultiplyScore;SellDie,If source finishes last,Source,Multiplier=3; RemoveRandomDie,Round,Besoin retirer dé aléatoire de loadout.,Random die removal at ranking missing.,Très punitif; avertissement obligatoire.
todo,ReadyNow,B6,module.risk.blood_for_gold,Sang contre Or,Module,Uncommon,6,module;risk;economy;score_down,No,0,,PostPurchase;ScoreModifier,AddGold;MultiplyScore,Round acquired?,Source,Gold=15; Multiplier=0.8,Round,Clarifier effet seulement ce round ou permanent.,Acquisition timing needs context.,Peut etre consommable-like; module discutable.
blocked,NeedsMechanicUIFlow,B4,module.risk.addiction,Addiction,Module,Rare,9,module;risk;reroll;economy;score.multiplier,No,0,,PreReroll;PostReroll,SpendGold;AddTemporaryScoreModifier,Each reroll,Source,Cost=1; Multiplier*=1.25,Round,Reclassed in B4 completion: not created because paid reroll spend gating is not reliable without the paid-reroll action flow.,Reroll spend gating and insufficient-gold behavior are missing.,Bon build relance.
todo,TestCarefully,B5,module.risk.fragile,Fragile,Module,Rare,9,module;risk;cracked;destroyable,No,0,,ScoreModifier;RoundEnd,MultiplyScore;DestroyOrRemoveDiceChance,Dice tag cracked,SourceDie,CrackedMultiplier=3; BreakChance*=2,Round,Besoin modifier effet d'un autre dé fissuré.,Effect override by tag missing.,Spécifique mais intéressant.
todo,ReadyNow,B6,module.risk.roulette,Roulette,Module,Rare,9,module;risk;random_multiplier,No,0,,RoundStart,AddTemporaryScoreModifier,Random choice,Source,Multiplier=random 0.5/1/2/4,Round,Besoin random choice in effect definition/custom class.,Random choice effect missing.,Fun mais doit etre révélé au début.
blocked,NeedsMechanicUIFlow,B4,module.risk.shaking_hand,Main Tremblante,Module,Uncommon,6,module;risk;reroll;lock,No,0,,PostReroll,CustomRerollLockedDieChance,Each reroll Chance 20,Source,Chance=20; reroll one locked die,Round,Reclassed in B4 completion: not created because rerolling locked dice by override remains fragile.,Needs explicit locked-die override flow and feedback.,Frustrant; bien prévenir.
blocked,blocked,B4,module.risk.tax,Impôt,Module,Rare,8,module;risk;economy;score_down,No,0,,Reward;ScoreModifier,AddGold;MultiplyScore,Each 10 gold,Source,HighIncome TBD; ScoreMultiplier -=10% per 10 gold,Round,Reclassed in B4 completion: not created because the design still has undefined high-income semantics and overlaps risk systems outside this pass.,Design values and reward/score tradeoff are undefined.,Idée confuse sans valeur de gain.
todo,NeedsMechanicUIFlow,B9,module.risk.betrayal,Trahison,Module,Epic,13,module;risk;copy;opponent;economy,Yes,1,,RoundStart;Ranking,CustomCopyOpponentModule;AddGold,If source behind copied opponent,TargetOpponent,Copy module; pay target 10 if behind,Round,Besoin choisir/cibler module adverse.,Module copy and rival comparison missing.,Très riche mais tardif.
todo,NeedsMechanicUIFlow,B7,module.risk.all_on_red,Tout Sur Le Rouge,Module,Rare,9,module;risk;choice;parity,No,0,,Action;ScoreModifier,MultiplyScore,Chosen parity matches majority,Source,Multiplier=4 else 0.5,Round,Besoin UI choisir pair/impair.,Pre-score player choice missing.,Bonne idée casino; ajouter UI claire.
todo,TestCarefully,B5,module.risk.six_curse,Malédiction du Six,Module,Rare,9,module;risk;value.six;value.one,No,0,,ScoreModifier,MultiplyScore;CustomCancelMultiplier,Each 6; each 1,Source,SixMultiplier=3; OneCancelsOneMultiplier=true,Round,Besoin annulation d'un multiplicateur.,Multiplier cancellation pipeline missing.,Bon mais difficile à expliquer.
todo,ReadyNow,B6,module.defense.shield,Bouclier,Module,Uncommon,6,module;defense;negative,No,0,,RoundStart,PreventNegativeEffect,First negative effect,Source,PreventCount=1,Round,Effect actuel prévient globalement; limiter premier effet si possible.,Prevent count missing.,Très bon contre-jeu.
todo,ReadyNow,B6,module.defense.safe,Coffre-Fort,Module,Uncommon,6,module;defense;economy;anti_steal,No,0,,RoundStart,PreventNegativeEffect,Negative gold steal effect,Source,ProtectGoldSteal=true,Round,Besoin classifier les effets vol gold.,Negative subtype filtering missing.,Simple et utile.
todo,ReadyNow,B6,module.defense.anti_theft,Antivol,Module,Uncommon,6,module;defense;anti_steal;score.flat,No,0,,PostEffect,AddScoreFlat,A player steals from source,Source,Amount=30,Round,Besoin event vol.,PostEffect/steal event missing.,Bon feedback.
todo,ReadyNow,B6,module.defense.calm,Calme,Module,Uncommon,6,module;defense;die_reduce,No,0,,RoundStart,PreventNegativeEffect,Effects reducing dice values,Source,Reduction=50%,Round,Actuel PreventNegativeEffect ne fait pas reduction partielle.,Partial reduction missing.,Peut etre Bouclier alternatif.
todo,ReadyNow,B6,module.defense.score_insurance,Assurance Score,Module,Rare,9,module;defense;score_floor,No,0,,PostScoreCalculation,ScoreModifier,Final score lower than 50% raw,Source,ScoreFloor=RawScore*0.5,Round,Besoin floor dynamique.,Score floor missing.,Très bon anti-catastrophe.
todo,ReadyNow,B6,module.defense.rare_protection,Protection Rare,Module,Rare,8,module;defense;rare;destroyable,No,0,,RoundStart,PreventNegativeEffect,Rare die destroy/remove,Source,ProtectRarity=RarePlus,Round,Besoin filtrer destruction par rarete.,Negative subtype/rars filtering missing.,Utile avec dés fissurés.
todo,NeedsMechanicUIFlow,B6,module.defense.immunity,Immunité,Module,Epic,12,module;defense;once_per_match;ranking,Yes,1,,Ranking,CustomIgnoreLostRound,Once per match if lost round,Source,Negate loss penalty or rank?,Match,Clarifier 'round perdu' et effet exact.,Once per match state and loss override missing.,Idée trop vague; à définir.
todo,ReadyNow,B6,module.defense.stable_table,Table Stable,Module,Uncommon,6,module;defense;locked_dice,No,0,,RoundStart,PreventNegativeEffect,Locked dice modification by opponents,Source,ProtectLockedDice=true,Round,Besoin filtrer target locked dice.,Negative subtype filtering missing.,Bon contre sabotage.
todo,NeedsMechanicUIFlow,B7,module.defense.mask,Masque,Module,Rare,8,module;defense;hidden_modules,No,0,,RoundStart,CustomHideModules,Until end round,Source,HideModules=true,Round,Besoin UI modules cachés par joueur.,Hidden information UI missing.,Peut nuire lisibilité en local.
todo,TestCarefully,B6,module.defense.false_weak,Faux Faible,Module,Rare,8,module;defense;catchup;score.multiplier,No,0,,ScoreModifier,MultiplyScore,Last at mid-round,Source,Multiplier=2,Round,Définir mi-round en tour simultané.,Mid-round ranking snapshot missing.,Idée intéressante mais timing flou.
validated,ReadyNow,B2,module.build_even.even_king,Roi Pair,Module,Uncommon,7,module;build.even;score.multiplier,No,0,,ScoreModifier,MultiplyDiceContribution,Each even die,SourceDie,Multiplier=1.5 per even die contribution,Round,"Validated B2: smoke verifies several even dice add per-die contribution bonus, not final score multiplier.",Resolved: per-die contribution multiplier adds DiceContributionMultiplierBonus in score breakdown.,
validated,ReadyNow,B2,module.build_even.even_purity,Pureté Paire,Module,Rare,10,module;build.even;score.multiplier,No,0,,ScoreModifier,MultiplyScore,All dice even,Source,Multiplier=4,Round,Created and validated in B2 unlocked pass.,None,Très fort; build-defining.
validated,ReadyNow,B2,module.build_even.two_by_two,Deux par Deux,Module,Uncommon,7,module;build.even;pair;score.flat,No,0,,PostScoreCalculation,AddScoreFlat,Each pair of even dice,Source,Amount=50 per even pair,Round,Created and validated in B2 unlocked pass.,None,
validated,ReadyNow,B4,module.build_even.pair_banking,Pair Banking,Module,Common,5,module;build.even;economy,No,0,,Reward,AddGold,Each even die,Source,Amount=1 per even die,Round,Created in B4 completion; parity count uses existing matching-die scalar and is covered by reward/data validation.,None,
validated,ReadyNow,B2,module.build_odd.odd_king,Roi Impair,Module,Uncommon,7,module;build.odd;score.multiplier,No,0,,ScoreModifier,MultiplyDiceContribution,Each odd die,SourceDie,Multiplier=1.5 per odd die contribution,Round,Validated B2: odd dice use per-die contribution multiplier path.,Resolved: per-die contribution multiplier supported without multiplying final score.,
blocked,NeedsMechanicUIFlow,B4,module.build_odd.odd_chaos,Chaos Impair,Module,Uncommon,7,module;build.odd;chance;reroll,No,0,,PostRoll,CustomRerollDieChance,Each odd die Chance 20,SourceDie,Chance=20; free reroll,Round,Reclassed in B4 completion: not created because per-die chance reroll after PostRoll can extend turns and needs a bounded reroll flow.,Needs capped automatic reroll flow and clear timing.,Peut rendre tours plus longs.
validated,ReadyNow,B4,module.build_odd.golden_odd,Impair Doré,Module,Common,5,module;build.odd;economy,No,0,,Reward,AddGold,Each odd die,Source,Amount=2 per odd die,Round,Created in B4 completion; parity count uses existing matching-die scalar and is covered by reward/data validation.,None,
validated,ReadyNow,B2,module.build_odd.sacred_five,Cinq Sacré,Module,Uncommon,7,module;build.odd;value.five;score.multiplier,No,0,,ScoreModifier,MultiplyDiceContribution,Each 5,SourceDie,Multiplier=2 per 5 contribution,Round,Validated B2: smoke verifies several 5s add per-die x2 contribution bonus.,Resolved: per-die value selector works with MultiplyDiceContribution.,
validated,ReadyNow,B2,module.build_low.small_but_strong,Petit Mais Costaud,Module,Uncommon,7,module;build.low;score.multiplier,No,0,,ScoreModifier,MultiplyDiceContribution,Each die value 1-3,SourceDie,Multiplier=2 per low die contribution,Round,Validated B2: smoke verifies values 1-3 add per-die x2 contribution bonus.,Resolved: per-die range selector works with MultiplyDiceContribution.,
validated,ReadyNow,B2,module.build_low.ones_army,Armée de Uns,Module,Common,5,module;build.low;value.one;score.flat,No,0,,PostScoreCalculation,AddScoreFlat,Each 1,Source,Amount=25 per 1,Round,Created and validated in B2 unlocked pass.,None,
validated,ReadyNow,B2,module.build_low.micro_combo,Micro Combo,Module,Rare,10,module;build.low;score.multiplier,No,0,,ScoreModifier,MultiplyScore,All dice <= 3,Source,Multiplier=5,Round,All dice lower/equal condition.,None,Très fort mais contraignant.
validated,TestCarefully,B2,module.build_low.low_roller,Low Roller,Module,Rare,9,module;build.low;raw_score;score.multiplier,No,0,,ScoreModifier,MultiplyScore,Raw score below threshold,Source,Multiplier=3; RawScoreThreshold TBD,Round,Validated B2: raw score threshold fixed to <20.,Resolved: raw score threshold condition supported.,Clarifier pour éviter abus.
validated,ReadyNow,B2,module.build_high.big_arms,Gros Bras,Module,Common,5,module;build.high;score.flat,No,0,,PostScoreCalculation,AddScoreFlat,Each die >=5,Source,Amount=30 per high die,Round,Created and validated in B2 unlocked pass.,None,
validated,ReadyNow,B2,module.build_high.high_value,Haute Valeur,Module,Uncommon,7,module;build.high;score.multiplier,No,0,,ScoreModifier,MultiplyScore,Dice average > 4,Source,Multiplier=2,Round,Created and validated in B2 unlocked pass.,None,
validated,ReadyNow,B2,module.build_high.six_domination,Six Domination,Module,Rare,9,module;build.high;value.six;score.multiplier,No,0,,ScoreModifier,MultiplyScore,Each 6,Source,FinalMultiplier += 0.5 per 6,Round,Validated B2: smoke verifies two 6s produce final multiplier 2.0 via additive delta.,Resolved: MultiplierDeltaPerMatchingDie additive multiplier delta supported.,Bon payoff 6.
validated,ReadyNow,B2,module.build_high.big_dice_king,Roi des Gros Dés,Module,Rare,10,module;build.high;value.over_six;score.multiplier,No,0,,ScoreModifier,MultiplyDiceContribution,Each die > 6,SourceDie,Multiplier=3 per over-six die contribution,Round,Validated B2: smoke verifies values >6 add per-die x3 contribution bonus.,Resolved: per-die >6 selector works with MultiplyDiceContribution.,
todo,NeedsMechanicUIFlow,B8,module.time.pressure,Pression,Module,Rare,8,module;time;score.flat,No,0,,PostScoreCalculation,AddScoreFlat,Based on completion speed,Source,Scale fast play to score,Round,Besoin timer et courbe exacte.,Timer missing.,A definir apres UX timer.
todo,NeedsMechanicUIFlow,B8,module.time.panic,Panique,Module,Rare,9,module;time;score.multiplier,No,0,,ScoreModifier,MultiplyScore,Finished in last 3 seconds,Source,Multiplier=3,Round,Besoin timer par joueur.,Timer missing.,
todo,NeedsMechanicUIFlow,B8,module.time.timed_composure,Sang-Froid Chronométré,Module,Rare,9,module;time;score.multiplier,No,0,,ScoreModifier,MultiplyScore,Finished with 5-10 seconds remaining,Source,Multiplier=2,Round,Besoin timer.,Timer missing.,
todo,NeedsMechanicUIFlow,B8,module.time.slow_calculator,Lent Calculateur,Module,Uncommon,6,module;time;economy,No,0,,Reward,AddGold,Used >80% available time,Source,Amount=5,Round,Besoin timer et duration initiale.,Timer missing.,
todo,NeedsMechanicUIFlow,B8,module.time.blitz,Blitz,Module,Rare,9,module;time;risk;score.multiplier,No,0,,RoundStart;ScoreModifier,ModifyTurnTimer;MultiplyScore,None,Source,TimeMultiplier=0.5; ScoreMultiplier=2,Round,Besoin modifier timer joueur.,Timer missing.,
todo,NeedsMechanicUIFlow,B8,module.time.mental_break,Pause Mentale,Module,Uncommon,6,module;time;once_per_match,No,0,,Action,ModifyTurnTimer,Once per match,Source,Seconds=10,Immediate,Besoin UI activation et once-per-match state.,Timer/action state missing.,Peut être consommable plutôt que module.
todo,TestCarefully,B5,module.legendary.dice_king,Roi des Dés,Module,Legendary,18,module;legendary;modify_die,Yes,1,,PreScoreCalculation,ModifyDieValue,All own dice,AllOwnDice,Amount=1,Round,Verifier cap >6 autorise.,Effect supports affect all dice.,Simple et très fort.
todo,NeedsMechanicUIFlow,B9,module.legendary.luck_god,Dieu du Hasard,Module,Legendary,18,module;legendary;chance,Yes,1,,RoundStart,CustomModifyChanceEffects,All own chance effects,Source,ChanceMultiplier=2,Permanent,Besoin centraliser ChancePercentage.,Chance modifier pipeline missing.,Très bon avec Trefle.
blocked,blocked,B4,module.legendary.supreme_banker,Banquier Suprême,Module,Legendary,18,module;legendary;economy;score.flat,Yes,1,,ScoreModifier,AddScoreFlat,None,Source,Amount=10*CurrentGold,Round,Reclassed in B4 completion: not created despite supported current-gold scalar because it is a legendary/global-economy object outside the requested B4 creation set.,Out of scope for B4 completion; needs later balance/cap pass.,"Très fort, surveiller."
todo,TestCarefully,B5,module.legendary.absolute_multiplier,Multiplicateur Absolu,Module,Legendary,20,module;legendary;module_count;score.multiplier,Yes,1,,ScoreModifier,MultiplyScore,None,Source,Multiplier=OwnedModuleCount/3,Round,Nombre modules actifs vs possédés à définir.,Module count scalar missing.,Peut être moins fort si peu de slots.
todo,NeedsMechanicUIFlow,B7,module.legendary.professional_cheater,Tricheur Professionnel,Module,Legendary,18,module;legendary;cheat;set_die,Yes,1,,Action,SetDieValue,Once per round; selected die,SelectedDie,ChosenValue 1-6 or face list,Round,Besoin UI choix résultat.,Action UI and once-per-round state missing.,Fort mais très lisible.
todo,NeedsMechanicUIFlow,B9,module.legendary.chaos_lord,Seigneur du Chaos,Module,Legendary,20,module;legendary;chaos;all_players,Yes,1,,RoundStart;ScoreModifier,CustomRandomizeAllDiceFaces;MultiplyScore,All players dice changed,AllPlayers;Source,All dice randomize; SourceDiceMultiplier=2,Round,Besoin mutation runtime all players.,All-player dice randomizer missing.,"Très chaotique, à garder mode rare."
todo,NeedsMechanicUIFlow,B9,module.legendary.perfect_copy,Copie Parfaite,Module,Legendary,20,module;legendary;copy;opponent,Yes,1,,RoundStart,CustomCopyOpponentBestModule,Target opponent,TargetOpponent,Copy best module,Round,Besoin définir meilleur module et éviter boucles.,Module copy engine missing.,Très risqué techniquement.
todo,NeedsMechanicUIFlow,B9,module.legendary.divine_machine,Machine Divine,Module,Legendary,20,module;legendary;persistent;streak,Yes,1,,Ranking;RoundStart,CustomPermanentMultiplier,Each round won,Source,PermanentMultiplier *= 1.2,Permanent,Besoin state permanent et cap.,Persistent multiplier missing.,Win-more; cap conseillé.
todo,ReadyNow,B6,module.legendary.cursed_table,Table Maudite,Module,Legendary,18,module;legendary;opponent;negative,Yes,1,,ScoreModifier,MultiplyScore,All other players,AllOpponents,OpponentMultiplier=0.9,Round,Besoin multi-target all opponents.,All opponents target loop missing.,Interaction négative forte; très rare.
todo,NeedsMechanicUIFlow,B9,module.legendary.eternal_fortune,Fortune Éternelle,Module,Legendary,20,module;legendary;economy;score,Yes,1,,PostGoldGain,AddScoreFlat,Whenever source gains gold,Source,Score += GoldGained*5,Round,Besoin event gold gained avec montant.,Gold gain event missing.,Très bon moteur économie.
todo,NeedsMechanicUIFlow,B7,module.legendary.architect,Architecte,Module,Legendary,18,module;legendary;position;reorder,Yes,1,,Action,CustomReorderDice,After roll,Source,Allow dice repositioning,Round,Besoin UI drag/reorder post-lancer.,Dice reorder UI/state missing.,Parfait pour modules position.
todo,NeedsMechanicUIFlow,B8,module.legendary.market_king,Roi du Marché,Module,Legendary,18,module;legendary;shop;reservation,Yes,1,,PreShopGenerate;Shop,CustomPreviewReserveShop,None,Source,Preview next shop; reserve item,Shop,Besoin preview/reservation offres.,Shop future preview/reservation missing.,Très bon late shop.
todo,NeedsMechanicUIFlow,B9,module.legendary.infinite_economy,Économie Infinie,Module,Legendary,20,module;legendary;economy;persistent_score,Yes,1,,PostPurchase,CustomPermanentScoreBonus,Each gold spent,Source,PermanentAdd += 20*GoldSpent,Permanent,Besoin cap; sinon snowball massif.,Permanent score bonus and spent event missing.,Très fort; probablement à nerfer.
todo,ReadyNow,B6,module.legendary.final_boss,Dernier Boss,Module,Legendary,18,module;legendary;rank;score.multiplier,Yes,1,,ScoreModifier,MultiplyScore,If currently last or first,Source,LastMultiplier=4; FirstMultiplier=1,Round,Besoin rank pre-score; attention circularité score->rank.,Current rank before score may be undefined.,Idée fun mais risque logique.
todo,NeedsMechanicUIFlow,B9,module.legendary.cosmic_casino,Casino Cosmique,Module,Legendary,20,module;legendary;random_effect,Yes,1,,RoundStart,CustomRandomLegendaryEffect,None,Source,Trigger random legendary effect,Round,Besoin pool d'effets légendaires et garde anti-boucle.,Random legendary effect engine missing.,Très tardif.
todo,Proposal,B9,module.chance.four_leaf_clover,Trèfle à Quatre Feuilles,Module,Rare,9,module;chance;score.multiplier;proposal,No,0,,PostEffect,CustomChanceProcScaling,Whenever own ChancePercentage effect succeeds,Source,Gain +0.1x multiplier; recommended cap +1.0x per round or persistent cap +2.0x,Permanent or Round,"Choisir permanent vs round; tester avec Jackpot Mineur, Chanceux, Roulette.",Chance success event/counter missing.,Bonne proposition pour completer builds chance; impose cap clair.
